TransactionID,CustomerID,ProductID,Date,Quantity,Discount,Total_Amount,Name,Region,Signup_Date,Category,Price,Calculated_Revenue,Year,Month,Month_Name
10001,CUST-055,PROD-008,1/1/2023 0:00,9,0.2,1355.76,Customer_55,West,1/17/2021,Electronics,188.3,1355.76,2023,1,January
10002,CUST-023,PROD-019,1/1/2023 1:00,1,0.1,,Customer_23,South,6/7/2020,Electronics,193.67,174.303,2023,1,January
10003,CUST-095,PROD-002,1/1/2023 2:00,9,0,3552.48,Customer_95,Midwest,10/24/2021,Clothing,394.72,3552.48,2023,1,January
10004,CUST-058,PROD-019,1/1/2023 3:00,2,0.2,309.87,Customer_58,East,2/7/2021,Electronics,193.67,309.872,2023,1,January
10005,CUST-070,PROD-003,1/1/2023 4:00,8,0.1,1147.39,Customer_70,East,5/2/2021,Office,159.36,1147.392,2023,1,January
10006,CUST-092,PROD-002,1/1/2023 5:00,5,0,1973.6,Customer_92,West,10/3/2021,Clothing,394.72,1973.6,2023,1,January
10007,CUST-049,PROD-006,1/1/2023 6:00,5,0.2,458.64,Customer_49,West,12/6/2020,Electronics,114.66,458.64,2023,1,January
10008,CUST-091,PROD-011,1/1/2023 7:00,5,0.05,1329.1,Customer_91,Midwest,9/26/2021,Clothing,279.81,1329.0975,2023,1,January
10009,CUST-042,PROD-002,1/1/2023 8:00,9,0.1,3197.23,Customer_42,North,10/18/2020,Clothing,394.72,3197.232,2023,1,January
10010,CUST-058,PROD-017,1/1/2023 9:00,6,0.2,,Customer_58,East,2/7/2021,Electronics,26.24,125.952,2023,1,January
10011,CUST-068,PROD-005,1/1/2023 10:00,8,0.2,1596.67,Customer_68,North,4/18/2021,Clothing,249.48,1596.672,2023,1,January
10012,CUST-015,PROD-003,1/1/2023 11:00,2,0.1,286.85,Customer_15,East,4/12/2020,Office,159.36,286.848,2023,1,January
10013,CUST-066,PROD-008,1/1/2023 12:00,9,0.05,1609.96,Customer_66,East,4/4/2021,Electronics,188.3,1609.965,2023,1,January
10014,CUST-026,PROD-012,1/1/2023 13:00,5,0.2,1879.24,Customer_26,West,6/28/2020,Furniture,469.81,1879.24,2023,1,January
10015,CUST-014,PROD-010,1/1/2023 14:00,2,0.2,93.14,Customer_14,North,4/5/2020,Clothing,58.21,93.136,2023,1,January
10016,CUST-069,PROD-014,1/1/2023 14:00,8,0.1,1365.77,Customer_69,South,4/25/2021,Office,189.69,1365.768,2023,1,January
10017,CUST-087,PROD-015,1/1/2023 16:00,4,0,1086.2,Customer_87,North,8/29/2021,Furniture,271.55,1086.2,2023,1,January
10018,CUST-044,PROD-001,1/1/2023 17:00,4,0,673.08,Customer_44,South,11/1/2020,Clothing,168.27,673.08,2023,1,January
10019,CUST-018,PROD-015,1/1/2023 18:00,7,0.2,1520.68,Customer_18,South,5/3/2020,Furniture,271.55,1520.68,2023,1,January
10020,CUST-098,PROD-006,1/1/2023 19:00,5,0.05,544.63,Customer_98,Midwest,11/14/2021,Electronics,114.66,544.635,2023,1,January
10021,CUST-010,PROD-017,1/1/2023 20:00,3,0,,Customer_10,East,3/8/2020,Electronics,26.24,78.72,2023,1,January
10022,CUST-011,PROD-011,1/1/2023 21:00,9,0.1,2266.46,Customer_11,West,3/15/2020,Clothing,279.81,2266.461,2023,1,January
10023,CUST-021,PROD-019,1/1/2023 22:00,8,0.1,1394.42,Customer_21,West,5/24/2020,Electronics,193.67,1394.424,2023,1,January
10024,CUST-091,PROD-009,1/1/2023 23:00,5,0.1,1499.26,Customer_91,Midwest,9/26/2021,Furniture,333.17,1499.265,2023,1,January
10025,CUST-048,PROD-015,1/2/2023 0:00,6,0.05,,Customer_48,Midwest,11/29/2020,Furniture,271.55,1547.835,2023,1,January
10026,CUST-017,PROD-014,1/2/2023 1:00,3,0,569.07,Customer_17,East,4/26/2020,Office,189.69,569.07,2023,1,January
10027,CUST-048,PROD-017,1/2/2023 2:00,5,0.1,118.08,Customer_48,Midwest,11/29/2020,Electronics,26.24,118.08,2023,1,January
10028,CUST-089,PROD-010,1/2/2023 3:00,3,0.1,157.17,Customer_89,Midwest,9/12/2021,Clothing,58.21,157.167,2023,1,January
10029,CUST-064,PROD-014,1/2/2023 4:00,9,0.2,1365.77,Customer_64,North,3/21/2021,Office,189.69,1365.768,2023,1,January
10030,CUST-099,PROD-002,1/2/2023 5:00,3,0,1184.16,Customer_99,East,11/21/2021,Clothing,394.72,1184.16,2023,1,January
10031,CUST-023,PROD-003,1/2/2023 6:00,2,0,318.72,Customer_23,South,6/7/2020,Office,159.36,318.72,2023,1,January
10032,CUST-088,PROD-011,1/2/2023 7:00,2,0.05,531.64,Customer_88,Midwest,9/5/2021,Clothing,279.81,531.639,2023,1,January
10033,CUST-033,PROD-001,1/2/2023 8:00,8,0.2,1076.93,Customer_33,South,8/16/2020,Clothing,168.27,1076.928,2023,1,January
10034,CUST-031,PROD-002,1/2/2023 9:00,9,0.1,3197.23,Customer_31,East,8/2/2020,Clothing,394.72,3197.232,2023,1,January
10035,CUST-011,PROD-016,1/2/2023 10:00,4,0.2,1368.99,Customer_11,West,3/15/2020,Furniture,427.81,1368.992,2023,1,January
10036,CUST-099,PROD-020,1/2/2023 11:00,7,0,961.66,Customer_99,East,11/21/2021,Electronics,137.38,961.66,2023,1,January
10037,CUST-002,PROD-019,1/2/2023 12:00,4,0.1,697.21,Customer_2,South,1/12/2020,Electronics,193.67,697.212,2023,1,January
10038,CUST-019,PROD-002,1/2/2023 13:00,5,0.1,1776.24,Customer_19,South,5/10/2020,Clothing,394.72,1776.24,2023,1,January
10039,CUST-018,PROD-007,1/2/2023 14:00,9,0.2,1011.53,Customer_18,South,5/3/2020,Furniture,140.49,1011.528,2023,1,January
10040,CUST-023,PROD-011,1/2/2023 15:00,2,0,559.62,Customer_23,South,6/7/2020,Clothing,279.81,559.62,2023,1,January
10041,CUST-072,PROD-004,1/2/2023 16:00,9,0,3019.77,Customer_72,South,5/16/2021,Office,335.53,3019.77,2023,1,January
10042,CUST-020,PROD-020,1/2/2023 17:00,3,0.2,329.71,Customer_20,Midwest,5/17/2020,Electronics,137.38,329.712,2023,1,January
10043,CUST-010,PROD-011,1/2/2023 18:00,5,0.1,1259.14,Customer_10,East,3/8/2020,Clothing,279.81,1259.145,2023,1,January
10044,CUST-099,PROD-010,1/2/2023 19:00,8,0.05,442.4,Customer_99,East,11/21/2021,Clothing,58.21,442.396,2023,1,January
10045,CUST-072,PROD-019,1/2/2023 20:00,1,0.05,183.99,Customer_72,South,5/16/2021,Electronics,193.67,183.9865,2023,1,January
10046,CUST-085,PROD-019,1/2/2023 21:00,1,0,193.67,Customer_85,West,8/15/2021,Electronics,193.67,193.67,2023,1,January
10047,CUST-028,PROD-010,1/2/2023 22:00,9,0.1,471.5,Customer_28,East,7/12/2020,Clothing,58.21,471.501,2023,1,January
10048,CUST-064,PROD-010,1/2/2023 23:00,1,0.05,55.3,Customer_64,North,3/21/2021,Clothing,58.21,55.2995,2023,1,January
10049,CUST-006,PROD-005,1/3/2023 0:00,5,0.1,1122.66,Customer_6,West,2/9/2020,Clothing,249.48,1122.66,2023,1,January
10050,CUST-047,PROD-003,1/3/2023 1:00,3,0.05,454.18,Customer_47,North,11/22/2020,Office,159.36,454.176,2023,1,January
10051,CUST-058,PROD-018,1/3/2023 2:00,1,0.2,312.3,Customer_58,East,2/7/2021,Furniture,390.38,312.304,2023,1,January
10052,CUST-100,PROD-013,1/3/2023 3:00,6,0.1,,Customer_100,East,11/28/2021,Clothing,256.94,1387.476,2023,1,January
10053,CUST-014,PROD-002,1/3/2023 4:00,8,0.2,2526.21,Customer_14,North,4/5/2020,Clothing,394.72,2526.208,2023,1,January
10054,CUST-015,PROD-020,1/3/2023 5:00,0,0.2,0,Customer_15,East,4/12/2020,Electronics,137.38,0,2023,1,January
10055,CUST-033,PROD-014,1/3/2023 6:00,2,0,,Customer_33,South,8/16/2020,Office,189.69,379.38,2023,1,January
10056,CUST-041,PROD-003,1/3/2023 7:00,3,0,478.08,Customer_41,Midwest,10/11/2020,Office,159.36,478.08,2023,1,January
10057,CUST-029,PROD-019,1/3/2023 8:00,4,0.05,735.95,Customer_29,Midwest,7/19/2020,Electronics,193.67,735.946,2023,1,January
10058,CUST-051,PROD-017,1/3/2023 9:00,3,0,78.72,Customer_51,Midwest,12/20/2020,Electronics,26.24,78.72,2023,1,January
10059,CUST-005,PROD-012,1/3/2023 10:00,6,0.1,2536.97,Customer_5,West,2/2/2020,Furniture,469.81,2536.974,2023,1,January
10060,CUST-089,PROD-003,1/3/2023 11:00,4,0.05,605.57,Customer_89,Midwest,9/12/2021,Office,159.36,605.568,2023,1,January
10061,CUST-096,PROD-013,1/3/2023 12:00,8,0.2,1644.42,Customer_96,West,10/31/2021,Clothing,256.94,1644.416,2023,1,January
10062,CUST-078,PROD-008,1/3/2023 13:00,7,0.05,1252.2,Customer_78,North,6/27/2021,Electronics,188.3,1252.195,2023,1,January
10063,CUST-074,PROD-008,1/3/2023 13:00,0,0.05,0,Customer_74,South,5/30/2021,Electronics,188.3,0,2023,1,January
10064,CUST-044,PROD-017,1/3/2023 15:00,2,0.05,49.86,Customer_44,South,11/1/2020,Electronics,26.24,49.856,2023,1,January
10065,CUST-099,PROD-017,1/3/2023 16:00,1,0,26.24,Customer_99,East,11/21/2021,Electronics,26.24,26.24,2023,1,January
10066,CUST-073,PROD-014,1/3/2023 17:00,4,0.05,720.82,Customer_73,North,5/23/2021,Office,189.69,720.822,2023,1,January
10067,CUST-051,PROD-011,1/3/2023 18:00,6,0.05,1594.92,Customer_51,Midwest,12/20/2020,Clothing,279.81,1594.917,2023,1,January
10068,CUST-039,PROD-009,1/3/2023 19:00,2,0.1,599.71,Customer_39,South,9/27/2020,Furniture,333.17,599.706,2023,1,January
10069,CUST-034,PROD-017,12/31/2032 20:00,7,0.2,146.94,Customer_34,South,8/23/2020,Electronics,26.24,146.944,2032,12,December
10070,CUST-086,PROD-007,1/3/2023 21:00,7,0,983.43,Customer_86,Midwest,8/22/2021,Furniture,140.49,983.43,2023,1,January
10071,CUST-077,PROD-018,1/3/2023 22:00,8,0.1,2810.74,Customer_77,East,6/20/2021,Furniture,390.38,2810.736,2023,1,January
10072,CUST-098,PROD-007,1/3/2023 23:00,1,0.05,133.47,Customer_98,Midwest,11/14/2021,Furniture,140.49,133.4655,2023,1,January
10073,CUST-084,PROD-006,1/4/2023 0:00,7,0.05,762.49,Customer_84,East,8/8/2021,Electronics,114.66,762.489,2023,1,January
10074,CUST-056,PROD-001,1/4/2023 1:00,5,0.1,757.22,Customer_56,East,1/24/2021,Clothing,168.27,757.215,2023,1,January
10075,CUST-052,PROD-013,1/4/2023 2:00,8,0,2055.52,Customer_52,North,12/27/2020,Clothing,256.94,2055.52,2023,1,January
10076,CUST-035,PROD-004,1/4/2023 3:00,1,0,335.53,Customer_35,North,8/30/2020,Office,335.53,335.53,2023,1,January
10077,CUST-034,PROD-004,1/4/2023 4:00,1,0.05,318.75,Customer_34,South,8/23/2020,Office,335.53,318.7535,2023,1,January
10078,CUST-021,PROD-008,1/4/2023 5:00,9,0.2,1355.76,Customer_21,West,5/24/2020,Electronics,188.3,1355.76,2023,1,January
10079,CUST-091,PROD-007,1/4/2023 6:00,3,0.05,400.4,Customer_91,Midwest,9/26/2021,Furniture,140.49,400.3965,2023,1,January
10080,CUST-090,PROD-013,1/4/2023 7:00,-8,0.1,-1849.97,Customer_90,Midwest,9/19/2021,Clothing,256.94,-1849.968,2023,1,January
10081,CUST-020,PROD-011,1/4/2023 8:00,4,0,1119.24,Customer_20,Midwest,5/17/2020,Clothing,279.81,1119.24,2023,1,January
10082,CUST-100,PROD-018,1/4/2023 9:00,1,0.1,,Customer_100,East,11/28/2021,Furniture,390.38,351.342,2023,1,January
10083,CUST-084,PROD-003,1/4/2023 10:00,4,0.05,605.57,Customer_84,East,8/8/2021,Office,159.36,605.568,2023,1,January
10084,CUST-002,PROD-010,1/4/2023 11:00,6,0,349.26,Customer_2,South,1/12/2020,Clothing,58.21,349.26,2023,1,January
10085,CUST-060,PROD-011,1/4/2023 12:00,7,0.1,1762.8,Customer_60,South,2/21/2021,Clothing,279.81,1762.803,2023,1,January
10086,CUST-054,PROD-006,1/4/2023 13:00,1,0.2,91.73,Customer_54,North,1/10/2021,Electronics,114.66,91.728,2023,1,January
10087,CUST-003,PROD-009,1/4/2023 14:00,9,0.1,2698.68,Customer_3,East,1/19/2020,Furniture,333.17,2698.677,2023,1,January
10088,CUST-085,PROD-007,1/4/2023 15:00,2,0.2,224.78,Customer_85,West,8/15/2021,Furniture,140.49,224.784,2023,1,January
10089,CUST-033,PROD-007,1/4/2023 15:00,8,0.1,1011.53,Customer_33,South,8/16/2020,Furniture,140.49,1011.528,2023,1,January
10090,CUST-081,PROD-005,1/4/2023 17:00,3,0.1,673.6,Customer_81,North,7/18/2021,Clothing,249.48,673.596,2023,1,January
10091,CUST-085,PROD-006,1/4/2023 18:00,8,0.05,,Customer_85,West,8/15/2021,Electronics,114.66,871.416,2023,1,January
10092,CUST-070,PROD-020,1/4/2023 19:00,8,0.05,1044.09,Customer_70,East,5/2/2021,Electronics,137.38,1044.088,2023,1,January
10093,CUST-073,PROD-018,1/4/2023 20:00,2,0.1,702.68,Customer_73,North,5/23/2021,Furniture,390.38,702.684,2023,1,January
10094,CUST-023,PROD-020,1/4/2023 21:00,2,0.2,219.81,Customer_23,South,6/7/2020,Electronics,137.38,219.808,2023,1,January
10095,CUST-073,PROD-004,1/4/2023 22:00,2,0,671.06,Customer_73,North,5/23/2021,Office,335.53,671.06,2023,1,January
10096,CUST-038,PROD-011,1/4/2023 23:00,1,0.05,265.82,Customer_38,East,9/20/2020,Clothing,279.81,265.8195,2023,1,January
10097,CUST-054,PROD-012,1/5/2023 0:00,8,0.2,3006.78,Customer_54,North,1/10/2021,Furniture,469.81,3006.784,2023,1,January
10098,CUST-022,PROD-015,1/5/2023 1:00,7,0.05,1805.81,Customer_22,North,5/31/2020,Furniture,271.55,1805.8075,2023,1,January
10099,CUST-074,PROD-019,1/5/2023 2:00,6,0,1162.02,Customer_74,South,5/30/2021,Electronics,193.67,1162.02,2023,1,January
10100,CUST-056,PROD-001,1/5/2023 3:00,7,0.1,1060.1,Customer_56,East,1/24/2021,Clothing,168.27,1060.101,2023,1,January
10101,CUST-025,PROD-014,1/5/2023 4:00,2,0.1,341.44,Customer_25,East,6/21/2020,Office,189.69,341.442,2023,1,January
10102,CUST-097,PROD-009,1/5/2023 5:00,2,0,666.34,Customer_97,North,11/7/2021,Furniture,333.17,666.34,2023,1,January
10103,CUST-063,PROD-005,1/5/2023 6:00,7,0,1746.36,Customer_63,West,3/14/2021,Clothing,249.48,1746.36,2023,1,January
10104,CUST-074,PROD-017,1/5/2023 7:00,2,0.2,41.98,Customer_74,South,5/30/2021,Electronics,26.24,41.984,2023,1,January
10105,CUST-058,PROD-007,1/5/2023 8:00,3,0,421.47,Customer_58,East,2/7/2021,Furniture,140.49,421.47,2023,1,January
10106,CUST-021,PROD-017,1/5/2023 9:00,8,0.2,167.94,Customer_21,West,5/24/2020,Electronics,26.24,167.936,2023,1,January
10107,CUST-049,PROD-019,1/5/2023 10:00,1,0,193.67,Customer_49,West,12/6/2020,Electronics,193.67,193.67,2023,1,January
10108,CUST-036,PROD-008,1/5/2023 11:00,4,0,753.2,Customer_36,West,9/6/2020,Electronics,188.3,753.2,2023,1,January
10109,CUST-081,PROD-004,1/5/2023 12:00,9,0.1,2717.79,Customer_81,North,7/18/2021,Office,335.53,2717.793,2023,1,January
10110,CUST-072,PROD-002,1/5/2023 13:00,9,0.2,2841.98,Customer_72,South,5/16/2021,Clothing,394.72,2841.984,2023,1,January
10111,CUST-030,PROD-013,1/5/2023 14:00,8,0,2055.52,Customer_30,West,7/26/2020,Clothing,256.94,2055.52,2023,1,January
10112,CUST-036,PROD-008,1/5/2023 15:00,2,0.2,301.28,Customer_36,West,9/6/2020,Electronics,188.3,301.28,2023,1,January
10113,CUST-092,PROD-015,1/5/2023 16:00,9,0.2,1955.16,Customer_92,West,10/3/2021,Furniture,271.55,1955.16,2023,1,January
10114,CUST-090,PROD-016,1/5/2023 17:00,7,0.2,2395.74,Customer_90,Midwest,9/19/2021,Furniture,427.81,2395.736,2023,1,January
10115,CUST-063,PROD-001,1/5/2023 18:00,6,0,1009.62,Customer_63,West,3/14/2021,Clothing,168.27,1009.62,2023,1,January
10116,CUST-080,PROD-007,1/5/2023 19:00,2,0.05,266.93,Customer_80,North,7/11/2021,Furniture,140.49,266.931,2023,1,January
10117,CUST-011,PROD-003,1/5/2023 20:00,2,0.05,,Customer_11,West,3/15/2020,Office,159.36,302.784,2023,1,January
10118,CUST-067,PROD-012,1/5/2023 21:00,4,0.2,1503.39,Customer_67,Midwest,4/11/2021,Furniture,469.81,1503.392,2023,1,January
10119,CUST-094,PROD-020,1/5/2023 22:00,9,0.1,1112.78,Customer_94,North,10/17/2021,Electronics,137.38,1112.778,2023,1,January
10120,CUST-073,PROD-018,1/5/2023 23:00,2,0.2,624.61,Customer_73,North,5/23/2021,Furniture,390.38,624.608,2023,1,January
10121,CUST-025,PROD-018,1/6/2023 0:00,3,0.05,1112.58,Customer_25,East,6/21/2020,Furniture,390.38,1112.583,2023,1,January
10122,CUST-042,PROD-010,1/6/2023 1:00,1,0.1,52.39,Customer_42,North,10/18/2020,Clothing,58.21,52.389,2023,1,January
10123,CUST-009,PROD-020,1/6/2023 2:00,5,0.1,618.21,Customer_9,West,3/1/2020,Electronics,137.38,618.21,2023,1,January
10124,CUST-035,PROD-016,1/6/2023 3:00,9,0.2,3080.23,Customer_35,North,8/30/2020,Furniture,427.81,3080.232,2023,1,January
10125,CUST-078,PROD-020,1/6/2023 4:00,1,0.2,109.9,Customer_78,North,6/27/2021,Electronics,137.38,109.904,2023,1,January
10126,CUST-100,PROD-017,1/6/2023 5:00,9,0.05,224.35,Customer_100,East,11/28/2021,Electronics,26.24,224.352,2023,1,January
10127,CUST-096,PROD-003,1/6/2023 6:00,6,0.05,908.35,Customer_96,West,10/31/2021,Office,159.36,908.352,2023,1,January
10128,CUST-073,PROD-012,1/6/2023 7:00,3,0,1409.43,Customer_73,North,5/23/2021,Furniture,469.81,1409.43,2023,1,January
10129,CUST-096,PROD-008,1/6/2023 8:00,3,0.2,451.92,Customer_96,West,10/31/2021,Electronics,188.3,451.92,2023,1,January
10130,CUST-031,PROD-001,1/6/2023 9:00,1,0,168.27,Customer_31,East,8/2/2020,Clothing,168.27,168.27,2023,1,January
10131,CUST-057,PROD-016,1/6/2023 10:00,8,0,3422.48,Customer_57,Midwest,1/31/2021,Furniture,427.81,3422.48,2023,1,January
10132,CUST-043,PROD-012,1/6/2023 11:00,5,0.05,2231.6,Customer_43,Midwest,10/25/2020,Furniture,469.81,2231.5975,2023,1,January
10133,CUST-071,PROD-014,1/6/2023 12:00,9,0.1,1536.49,Customer_71,Midwest,5/9/2021,Office,189.69,1536.489,2023,1,January
10134,CUST-023,PROD-017,1/6/2023 13:00,4,0.2,83.97,Customer_23,South,6/7/2020,Electronics,26.24,83.968,2023,1,January
10135,CUST-083,PROD-009,1/6/2023 14:00,8,0.1,2398.82,Customer_83,East,8/1/2021,Furniture,333.17,2398.824,2023,1,January
10136,CUST-085,PROD-001,1/6/2023 15:00,4,0.2,538.46,Customer_85,West,8/15/2021,Clothing,168.27,538.464,2023,1,January
10137,CUST-027,PROD-019,1/6/2023 16:00,7,0.05,1287.91,Customer_27,South,7/5/2020,Electronics,193.67,1287.9055,2023,1,January
10138,CUST-048,PROD-001,1/6/2023 17:00,3,0.2,403.85,Customer_48,Midwest,11/29/2020,Clothing,168.27,403.848,2023,1,January
10139,CUST-059,PROD-013,1/6/2023 18:00,7,0.2,1438.86,Customer_59,South,2/14/2021,Clothing,256.94,1438.864,2023,1,January
10140,CUST-086,PROD-013,1/6/2023 19:00,6,0.2,1233.31,Customer_86,Midwest,8/22/2021,Clothing,256.94,1233.312,2023,1,January
10141,CUST-031,PROD-007,1/6/2023 20:00,6,0.2,674.35,Customer_31,East,8/2/2020,Furniture,140.49,674.352,2023,1,January
10142,CUST-015,PROD-016,1/6/2023 21:00,6,0.2,,Customer_15,East,4/12/2020,Furniture,427.81,2053.488,2023,1,January
10143,CUST-071,PROD-012,1/6/2023 22:00,2,0,939.62,Customer_71,Midwest,5/9/2021,Furniture,469.81,939.62,2023,1,January
10144,CUST-014,PROD-018,1/6/2023 23:00,9,0.05,3337.75,Customer_14,North,4/5/2020,Furniture,390.38,3337.749,2023,1,January
10145,CUST-038,PROD-012,1/7/2023 0:00,9,0.05,4016.88,Customer_38,East,9/20/2020,Furniture,469.81,4016.8755,2023,1,January
10146,CUST-022,PROD-005,1/7/2023 1:00,2,0.2,399.17,Customer_22,North,5/31/2020,Clothing,249.48,399.168,2023,1,January
10147,CUST-023,PROD-004,1/7/2023 2:00,5,0.1,1509.88,Customer_23,South,6/7/2020,Office,335.53,1509.885,2023,1,January
10148,CUST-023,PROD-015,1/7/2023 3:00,2,0.1,488.79,Customer_23,South,6/7/2020,Furniture,271.55,488.79,2023,1,January
10149,CUST-095,PROD-020,1/7/2023 4:00,5,0,686.9,Customer_95,Midwest,10/24/2021,Electronics,137.38,686.9,2023,1,January
10150,CUST-097,PROD-006,1/7/2023 4:00,7,0.05,762.49,Customer_97,North,11/7/2021,Electronics,114.66,762.489,2023,1,January
10151,CUST-011,PROD-005,1/7/2023 6:00,9,0.2,1796.26,Customer_11,West,3/15/2020,Clothing,249.48,1796.256,2023,1,January
10152,CUST-040,PROD-012,1/7/2023 7:00,6,0.05,2677.92,Customer_40,North,10/4/2020,Furniture,469.81,2677.917,2023,1,January
10153,CUST-065,PROD-007,1/7/2023 8:00,7,0.05,,Customer_65,South,3/28/2021,Furniture,140.49,934.2585,2023,1,January
10154,CUST-026,PROD-010,1/7/2023 9:00,8,0.05,442.4,Customer_26,West,6/28/2020,Clothing,58.21,442.396,2023,1,January
10155,CUST-075,PROD-009,1/7/2023 10:00,2,0.05,633.02,Customer_75,North,6/6/2021,Furniture,333.17,633.023,2023,1,January
10156,CUST-037,PROD-016,1/7/2023 11:00,4,0.1,1540.12,Customer_37,East,9/13/2020,Furniture,427.81,1540.116,2023,1,January
10157,CUST-033,PROD-005,1/7/2023 12:00,3,0.1,673.6,Customer_33,South,8/16/2020,Clothing,249.48,673.596,2023,1,January
10158,CUST-019,PROD-008,1/7/2023 13:00,3,0.2,451.92,Customer_19,South,5/10/2020,Electronics,188.3,451.92,2023,1,January
10159,CUST-023,PROD-002,1/7/2023 14:00,5,0.1,1776.24,Customer_23,South,6/7/2020,Clothing,394.72,1776.24,2023,1,January
10160,CUST-067,PROD-002,1/7/2023 15:00,5,0.05,1874.92,Customer_67,Midwest,4/11/2021,Clothing,394.72,1874.92,2023,1,January
10161,CUST-005,PROD-010,1/7/2023 16:00,2,0,116.42,Customer_5,West,2/2/2020,Clothing,58.21,116.42,2023,1,January
10162,CUST-081,PROD-013,1/7/2023 17:00,9,0.2,1849.97,Customer_81,North,7/18/2021,Clothing,256.94,1849.968,2023,1,January
10163,CUST-019,PROD-009,1/7/2023 18:00,1,0,333.17,Customer_19,South,5/10/2020,Furniture,333.17,333.17,2023,1,January
10164,CUST-022,PROD-012,1/7/2023 19:00,5,0.1,2114.15,Customer_22,North,5/31/2020,Furniture,469.81,2114.145,2023,1,January
10165,CUST-044,PROD-002,1/7/2023 20:00,0,0.05,0,Customer_44,South,11/1/2020,Clothing,394.72,0,2023,1,January
10166,CUST-056,PROD-010,1/7/2023 21:00,1,0.1,52.39,Customer_56,East,1/24/2021,Clothing,58.21,52.389,2023,1,January
10167,CUST-033,PROD-010,1/7/2023 22:00,6,0,349.26,Customer_33,South,8/16/2020,Clothing,58.21,349.26,2023,1,January
10168,CUST-038,PROD-008,1/7/2023 23:00,5,0.1,847.35,Customer_38,East,9/20/2020,Electronics,188.3,847.35,2023,1,January
10169,CUST-064,PROD-011,1/8/2023 0:00,2,0.2,447.7,Customer_64,North,3/21/2021,Clothing,279.81,447.696,2023,1,January
10170,CUST-014,PROD-013,1/8/2023 1:00,7,0,1798.58,Customer_14,North,4/5/2020,Clothing,256.94,1798.58,2023,1,January
10171,CUST-068,PROD-010,1/8/2023 2:00,1,0,58.21,Customer_68,North,4/18/2021,Clothing,58.21,58.21,2023,1,January
10172,CUST-048,PROD-009,1/8/2023 3:00,7,0.2,1865.75,Customer_48,Midwest,11/29/2020,Furniture,333.17,1865.752,2023,1,January
10173,CUST-090,PROD-002,1/8/2023 4:00,2,0,789.44,Customer_90,Midwest,9/19/2021,Clothing,394.72,789.44,2023,1,January
10174,CUST-017,PROD-017,1/8/2023 5:00,5,0.2,104.96,Customer_17,East,4/26/2020,Electronics,26.24,104.96,2023,1,January
10175,CUST-048,PROD-002,1/8/2023 6:00,-6,0.1,-2131.49,Customer_48,Midwest,11/29/2020,Clothing,394.72,-2131.488,2023,1,January
10176,CUST-009,PROD-016,1/8/2023 7:00,6,0.05,2438.52,Customer_9,West,3/1/2020,Furniture,427.81,2438.517,2023,1,January
10177,CUST-005,PROD-010,1/8/2023 8:00,5,0.05,,Customer_5,West,2/2/2020,Clothing,58.21,276.4975,2023,1,January
10178,CUST-017,PROD-004,1/8/2023 9:00,4,0.05,1275.01,Customer_17,East,4/26/2020,Office,335.53,1275.014,2023,1,January
10179,CUST-098,PROD-020,1/8/2023 10:00,7,0.05,913.58,Customer_98,Midwest,11/14/2021,Electronics,137.38,913.577,2023,1,January
10180,CUST-049,PROD-001,1/8/2023 11:00,4,0,673.08,Customer_49,West,12/6/2020,Clothing,168.27,673.08,2023,1,January
10181,CUST-008,PROD-004,1/8/2023 11:00,2,0.2,536.85,Customer_8,South,2/23/2020,Office,335.53,536.848,2023,1,January
10182,CUST-040,PROD-004,1/8/2023 13:00,9,0.1,2717.79,Customer_40,North,10/4/2020,Office,335.53,2717.793,2023,1,January
10183,CUST-089,PROD-008,1/8/2023 14:00,8,0.1,,Customer_89,Midwest,9/12/2021,Electronics,188.3,1355.76,2023,1,January
10184,CUST-055,PROD-020,1/8/2023 15:00,2,0,274.76,Customer_55,West,1/17/2021,Electronics,137.38,274.76,2023,1,January
10185,CUST-079,PROD-001,1/8/2023 16:00,6,0.2,807.7,Customer_79,East,7/4/2021,Clothing,168.27,807.696,2023,1,January
10186,CUST-079,PROD-018,1/8/2023 16:00,7,0.2,2186.13,Customer_79,East,7/4/2021,Furniture,390.38,2186.128,2023,1,January
10187,CUST-100,PROD-009,1/8/2023 18:00,5,0.2,1332.68,Customer_100,East,11/28/2021,Furniture,333.17,1332.68,2023,1,January
10188,CUST-051,PROD-017,1/8/2023 19:00,4,0,104.96,Customer_51,Midwest,12/20/2020,Electronics,26.24,104.96,2023,1,January
10189,CUST-085,PROD-005,1/8/2023 20:00,6,0,1496.88,Customer_85,West,8/15/2021,Clothing,249.48,1496.88,2023,1,January
10190,CUST-051,PROD-012,1/8/2023 21:00,7,0.05,3124.24,Customer_51,Midwest,12/20/2020,Furniture,469.81,3124.2365,2023,1,January
10191,CUST-024,PROD-008,1/8/2023 22:00,4,0.2,602.56,Customer_24,South,6/14/2020,Electronics,188.3,602.56,2023,1,January
10192,CUST-009,PROD-009,1/8/2023 23:00,3,0.1,899.56,Customer_9,West,3/1/2020,Furniture,333.17,899.559,2023,1,January
10193,CUST-056,PROD-014,1/9/2023 0:00,3,0.2,455.26,Customer_56,East,1/24/2021,Office,189.69,455.256,2023,1,January
10194,CUST-063,PROD-013,1/9/2023 1:00,6,0,1541.64,Customer_63,West,3/14/2021,Clothing,256.94,1541.64,2023,1,January
10195,CUST-095,PROD-001,1/9/2023 2:00,8,0.2,1076.93,Customer_95,Midwest,10/24/2021,Clothing,168.27,1076.928,2023,1,January
10196,CUST-027,PROD-016,1/9/2023 3:00,2,0.05,812.84,Customer_27,South,7/5/2020,Furniture,427.81,812.839,2023,1,January
10197,CUST-002,PROD-020,1/9/2023 4:00,6,0.2,659.42,Customer_2,South,1/12/2020,Electronics,137.38,659.424,2023,1,January
10198,CUST-075,PROD-006,1/9/2023 5:00,1,0.05,,Customer_75,North,6/6/2021,Electronics,114.66,108.927,2023,1,January
10199,CUST-056,PROD-004,1/9/2023 6:00,8,0.2,2147.39,Customer_56,East,1/24/2021,Office,335.53,2147.392,2023,1,January
10200,CUST-025,PROD-017,1/9/2023 7:00,9,0.2,188.93,Customer_25,East,6/21/2020,Electronics,26.24,188.928,2023,1,January
10201,CUST-033,PROD-020,1/9/2023 8:00,9,0.2,989.14,Customer_33,South,8/16/2020,Electronics,137.38,989.136,2023,1,January
10202,CUST-072,PROD-004,1/9/2023 9:00,9,0.2,2415.82,Customer_72,South,5/16/2021,Office,335.53,2415.816,2023,1,January
10203,CUST-026,PROD-007,1/9/2023 10:00,4,0,561.96,Customer_26,West,6/28/2020,Furniture,140.49,561.96,2023,1,January
10204,CUST-054,PROD-006,1/9/2023 11:00,1,0,114.66,Customer_54,North,1/10/2021,Electronics,114.66,114.66,2023,1,January
10205,CUST-099,PROD-001,1/9/2023 12:00,6,0.2,807.7,Customer_99,East,11/21/2021,Clothing,168.27,807.696,2023,1,January
10206,CUST-091,PROD-016,1/9/2023 13:00,8,0.2,2737.98,Customer_91,Midwest,9/26/2021,Furniture,427.81,2737.984,2023,1,January
10207,CUST-082,PROD-013,1/9/2023 14:00,8,0.1,1849.97,Customer_82,South,7/25/2021,Clothing,256.94,1849.968,2023,1,January
10208,CUST-019,PROD-016,1/9/2023 15:00,8,0.05,3251.36,Customer_19,South,5/10/2020,Furniture,427.81,3251.356,2023,1,January
10209,CUST-018,PROD-012,1/9/2023 16:00,4,0,1879.24,Customer_18,South,5/3/2020,Furniture,469.81,1879.24,2023,1,January
10210,CUST-035,PROD-001,1/9/2023 17:00,7,0.05,1119,Customer_35,North,8/30/2020,Clothing,168.27,1118.9955,2023,1,January
10211,CUST-034,PROD-006,1/9/2023 18:00,8,0.1,825.55,Customer_34,South,8/23/2020,Electronics,114.66,825.552,2023,1,January
10212,CUST-079,PROD-015,1/9/2023 19:00,9,0,2443.95,Customer_79,East,7/4/2021,Furniture,271.55,2443.95,2023,1,January
10213,CUST-060,PROD-017,1/6/2033 20:00,7,0.1,165.31,Customer_60,South,2/21/2021,Electronics,26.24,165.312,2033,1,January
10214,CUST-025,PROD-013,1/9/2023 21:00,2,0.05,,Customer_25,East,6/21/2020,Clothing,256.94,488.186,2023,1,January
10215,CUST-032,PROD-004,1/9/2023 22:00,9,0.1,2717.79,Customer_32,Midwest,8/9/2020,Office,335.53,2717.793,2023,1,January
10216,CUST-095,PROD-006,1/9/2023 23:00,7,0,802.62,Customer_95,Midwest,10/24/2021,Electronics,114.66,802.62,2023,1,January
10217,CUST-058,PROD-005,1/10/2023 0:00,4,0.2,798.34,Customer_58,East,2/7/2021,Clothing,249.48,798.336,2023,1,January
10218,CUST-091,PROD-017,1/10/2023 0:00,5,0.1,118.08,Customer_91,Midwest,9/26/2021,Electronics,26.24,118.08,2023,1,January
10219,CUST-085,PROD-020,1/10/2023 2:00,7,0,961.66,Customer_85,West,8/15/2021,Electronics,137.38,961.66,2023,1,January
10220,CUST-008,PROD-015,1/7/2033 3:00,2,0,543.1,Customer_8,South,2/23/2020,Furniture,271.55,543.1,2033,1,January
10221,CUST-086,PROD-009,1/10/2023 4:00,5,0.2,1332.68,Customer_86,Midwest,8/22/2021,Furniture,333.17,1332.68,2023,1,January
10222,CUST-035,PROD-017,1/10/2023 5:00,9,0.2,188.93,Customer_35,North,8/30/2020,Electronics,26.24,188.928,2023,1,January
10223,CUST-067,PROD-007,1/10/2023 6:00,6,0.05,800.79,Customer_67,Midwest,4/11/2021,Furniture,140.49,800.793,2023,1,January
10224,CUST-062,PROD-006,1/10/2023 7:00,1,0.05,108.93,Customer_62,Midwest,3/7/2021,Electronics,114.66,108.927,2023,1,January
10225,CUST-086,PROD-012,1/10/2023 8:00,3,0.1,1268.49,Customer_86,Midwest,8/22/2021,Furniture,469.81,1268.487,2023,1,January
10226,CUST-068,PROD-009,1/10/2023 9:00,6,0.2,1599.22,Customer_68,North,4/18/2021,Furniture,333.17,1599.216,2023,1,January
10227,CUST-059,PROD-009,1/10/2023 10:00,5,0,1665.85,Customer_59,South,2/14/2021,Furniture,333.17,1665.85,2023,1,January
10228,CUST-090,PROD-004,1/10/2023 11:00,2,0.05,637.51,Customer_90,Midwest,9/19/2021,Office,335.53,637.507,2023,1,January
10229,CUST-059,PROD-018,1/10/2023 12:00,5,0.2,1561.52,Customer_59,South,2/14/2021,Furniture,390.38,1561.52,2023,1,January
10230,CUST-066,PROD-012,1/10/2023 13:00,9,0.1,3805.46,Customer_66,East,4/4/2021,Furniture,469.81,3805.461,2023,1,January
10231,CUST-062,PROD-006,1/10/2023 14:00,2,0.05,217.85,Customer_62,Midwest,3/7/2021,Electronics,114.66,217.854,2023,1,January
10232,CUST-030,PROD-020,1/10/2023 15:00,4,0,549.52,Customer_30,West,7/26/2020,Electronics,137.38,549.52,2023,1,January
10233,CUST-007,PROD-012,1/10/2023 16:00,5,0.05,2231.6,Customer_7,North,2/16/2020,Furniture,469.81,2231.5975,2023,1,January
10234,CUST-084,PROD-019,1/10/2023 17:00,3,0,581.01,Customer_84,East,8/8/2021,Electronics,193.67,581.01,2023,1,January
10235,CUST-999,PROD-016,1/10/2023 18:00,8,0.2,2737.98,,,,Furniture,427.81,2737.984,2023,1,January
10236,CUST-999,PROD-020,1/10/2023 19:00,7,0.05,913.58,,,,Electronics,137.38,913.577,2023,1,January
10237,CUST-070,PROD-011,1/10/2023 20:00,9,0.05,2392.38,Customer_70,East,5/2/2021,Clothing,279.81,2392.3755,2023,1,January
10238,CUST-043,PROD-011,1/10/2023 21:00,8,0.1,2014.63,Customer_43,Midwest,10/25/2020,Clothing,279.81,2014.632,2023,1,January
10239,CUST-071,PROD-016,1/10/2023 22:00,7,0.2,,Customer_71,Midwest,5/9/2021,Furniture,427.81,2395.736,2023,1,January
10240,CUST-022,PROD-005,1/10/2023 23:00,2,0.2,399.17,Customer_22,North,5/31/2020,Clothing,249.48,399.168,2023,1,January
10241,CUST-057,PROD-016,1/11/2023 0:00,8,0,3422.48,Customer_57,Midwest,1/31/2021,Furniture,427.81,3422.48,2023,1,January
10242,CUST-023,PROD-013,1/11/2023 1:00,4,0.1,924.98,Customer_23,South,6/7/2020,Clothing,256.94,924.984,2023,1,January
10243,CUST-076,PROD-010,1/11/2023 2:00,6,0.1,314.33,Customer_76,East,6/13/2021,Clothing,58.21,314.334,2023,1,January
10244,CUST-067,PROD-002,1/11/2023 3:00,4,0.05,1499.94,Customer_67,Midwest,4/11/2021,Clothing,394.72,1499.936,2023,1,January
10245,CUST-070,PROD-019,1/11/2023 4:00,6,0.05,,Customer_70,East,5/2/2021,Electronics,193.67,1103.919,2023,1,January
10246,CUST-025,PROD-001,1/11/2023 5:00,7,0.1,1060.1,Customer_25,East,6/21/2020,Clothing,168.27,1060.101,2023,1,January
10247,CUST-033,PROD-010,1/11/2023 6:00,5,0,291.05,Customer_33,South,8/16/2020,Clothing,58.21,291.05,2023,1,January
10248,CUST-090,PROD-019,1/11/2023 7:00,1,0.05,183.99,Customer_90,Midwest,9/19/2021,Electronics,193.67,183.9865,2023,1,January
10249,CUST-007,PROD-015,1/11/2023 8:00,6,0.2,1303.44,Customer_7,North,2/16/2020,Furniture,271.55,1303.44,2023,1,January
10250,CUST-028,PROD-007,1/11/2023 9:00,2,0.2,224.78,Customer_28,East,7/12/2020,Furniture,140.49,224.784,2023,1,January
10251,CUST-032,PROD-008,1/11/2023 10:00,2,0.05,357.77,Customer_32,Midwest,8/9/2020,Electronics,188.3,357.77,2023,1,January
10252,CUST-031,PROD-010,1/11/2023 11:00,8,0.1,419.11,Customer_31,East,8/2/2020,Clothing,58.21,419.112,2023,1,January
10253,CUST-018,PROD-004,1/11/2023 12:00,1,0.1,301.98,Customer_18,South,5/3/2020,Office,335.53,301.977,2023,1,January
10254,CUST-010,PROD-002,1/11/2023 13:00,2,0.05,749.97,Customer_10,East,3/8/2020,Clothing,394.72,749.968,2023,1,January
10255,CUST-034,PROD-019,1/11/2023 14:00,1,0,193.67,Customer_34,South,8/23/2020,Electronics,193.67,193.67,2023,1,January
10256,CUST-038,PROD-017,1/11/2023 15:00,9,0,236.16,Customer_38,East,9/20/2020,Electronics,26.24,236.16,2023,1,January
10257,CUST-100,PROD-006,1/11/2023 16:00,9,0.05,980.34,Customer_100,East,11/28/2021,Electronics,114.66,980.343,2023,1,January
10258,CUST-011,PROD-020,1/11/2023 17:00,0,0,0,Customer_11,West,3/15/2020,Electronics,137.38,0,2023,1,January
10259,CUST-099,PROD-005,1/11/2023 18:00,3,0.05,711.02,Customer_99,East,11/21/2021,Clothing,249.48,711.018,2023,1,January
10260,CUST-090,PROD-011,1/11/2023 19:00,1,0.05,265.82,Customer_90,Midwest,9/19/2021,Clothing,279.81,265.8195,2023,1,January
10261,CUST-005,PROD-016,1/11/2023 20:00,4,0.1,1540.12,Customer_5,West,2/2/2020,Furniture,427.81,1540.116,2023,1,January
10262,CUST-062,PROD-009,1/11/2023 21:00,9,0,2998.53,Customer_62,Midwest,3/7/2021,Furniture,333.17,2998.53,2023,1,January
10263,CUST-043,PROD-010,1/11/2023 22:00,4,0,232.84,Customer_43,Midwest,10/25/2020,Clothing,58.21,232.84,2023,1,January
10264,CUST-013,PROD-015,1/11/2023 23:00,8,0.1,1955.16,Customer_13,South,3/29/2020,Furniture,271.55,1955.16,2023,1,January
10265,CUST-003,PROD-017,1/12/2023 0:00,1,0,26.24,Customer_3,East,1/19/2020,Electronics,26.24,26.24,2023,1,January
10266,CUST-072,PROD-006,1/12/2023 1:00,6,0,687.96,Customer_72,South,5/16/2021,Electronics,114.66,687.96,2023,1,January
10267,CUST-091,PROD-017,1/12/2023 2:00,5,0.2,104.96,Customer_91,Midwest,9/26/2021,Electronics,26.24,104.96,2023,1,January
10268,CUST-063,PROD-001,1/12/2023 3:00,3,0.1,454.33,Customer_63,West,3/14/2021,Clothing,168.27,454.329,2023,1,January
10269,CUST-030,PROD-010,1/12/2023 4:00,7,0,407.47,Customer_30,West,7/26/2020,Clothing,58.21,407.47,2023,1,January
10270,CUST-003,PROD-001,1/12/2023 5:00,2,0.05,319.71,Customer_3,East,1/19/2020,Clothing,168.27,319.713,2023,1,January
10271,CUST-050,PROD-012,1/12/2023 6:00,2,0.2,751.7,Customer_50,East,12/13/2020,Furniture,469.81,751.696,2023,1,January
10272,CUST-033,PROD-010,1/12/2023 7:00,5,0,291.05,Customer_33,South,8/16/2020,Clothing,58.21,291.05,2023,1,January
10273,CUST-054,PROD-003,1/12/2023 8:00,7,0,1115.52,Customer_54,North,1/10/2021,Office,159.36,1115.52,2023,1,January
10274,CUST-999,PROD-019,1/12/2023 9:00,2,0.05,367.97,,,,Electronics,193.67,367.973,2023,1,January
10275,CUST-084,PROD-002,1/12/2023 10:00,5,0.1,1776.24,Customer_84,East,8/8/2021,Clothing,394.72,1776.24,2023,1,January
10276,CUST-091,PROD-004,1/12/2023 11:00,1,0,335.53,Customer_91,Midwest,9/26/2021,Office,335.53,335.53,2023,1,January
10277,CUST-999,PROD-013,1/12/2023 11:00,2,0,513.88,,,,Clothing,256.94,513.88,2023,1,January
10278,CUST-012,PROD-018,1/12/2023 13:00,9,0.2,,Customer_12,East,3/22/2020,Furniture,390.38,2810.736,2023,1,January
10279,CUST-068,PROD-004,1/12/2023 14:00,9,0.2,2415.82,Customer_68,North,4/18/2021,Office,335.53,2415.816,2023,1,January
10280,CUST-071,PROD-011,1/12/2023 15:00,3,0.1,755.49,Customer_71,Midwest,5/9/2021,Clothing,279.81,755.487,2023,1,January
10281,CUST-008,PROD-014,1/12/2023 16:00,9,0.2,1365.77,Customer_8,South,2/23/2020,Office,189.69,1365.768,2023,1,January
10282,CUST-100,PROD-005,1/12/2023 17:00,9,0.2,1796.26,Customer_100,East,11/28/2021,Clothing,249.48,1796.256,2023,1,January
10283,CUST-095,PROD-013,1/12/2023 18:00,1,0.1,231.25,Customer_95,Midwest,10/24/2021,Clothing,256.94,231.246,2023,1,January
10284,CUST-033,PROD-017,1/12/2023 19:00,4,0.05,99.71,Customer_33,South,8/16/2020,Electronics,26.24,99.712,2023,1,January
10285,CUST-048,PROD-008,1/12/2023 20:00,1,0,188.3,Customer_48,Midwest,11/29/2020,Electronics,188.3,188.3,2023,1,January
10286,CUST-042,PROD-015,1/12/2023 21:00,7,0.05,1805.81,Customer_42,North,10/18/2020,Furniture,271.55,1805.8075,2023,1,January
10287,CUST-046,PROD-013,1/12/2023 22:00,5,0.2,1027.76,Customer_46,North,11/15/2020,Clothing,256.94,1027.76,2023,1,January
10288,CUST-075,PROD-020,1/12/2023 23:00,1,0.1,123.64,Customer_75,North,6/6/2021,Electronics,137.38,123.642,2023,1,January
10289,CUST-067,PROD-008,1/13/2023 0:00,4,0.1,677.88,Customer_67,Midwest,4/11/2021,Electronics,188.3,677.88,2023,1,January
10290,CUST-080,PROD-010,1/13/2023 1:00,2,0,116.42,Customer_80,North,7/11/2021,Clothing,58.21,116.42,2023,1,January
10291,CUST-063,PROD-004,1/13/2023 2:00,1,0,335.53,Customer_63,West,3/14/2021,Office,335.53,335.53,2023,1,January
10292,CUST-026,PROD-016,1/13/2023 3:00,7,0.1,,Customer_26,West,6/28/2020,Furniture,427.81,2695.203,2023,1,January
10293,CUST-074,PROD-001,1/13/2023 4:00,5,0.2,673.08,Customer_74,South,5/30/2021,Clothing,168.27,673.08,2023,1,January
10294,CUST-084,PROD-015,1/13/2023 5:00,-3,0.05,-773.92,Customer_84,East,8/8/2021,Furniture,271.55,-773.9175,2023,1,January
10295,CUST-095,PROD-003,1/13/2023 6:00,6,0.05,908.35,Customer_95,Midwest,10/24/2021,Office,159.36,908.352,2023,1,January
10296,CUST-026,PROD-011,1/13/2023 7:00,6,0.05,1594.92,Customer_26,West,6/28/2020,Clothing,279.81,1594.917,2023,1,January
10297,CUST-084,PROD-001,1/13/2023 8:00,2,0.2,269.23,Customer_84,East,8/8/2021,Clothing,168.27,269.232,2023,1,January
10298,CUST-071,PROD-014,1/13/2023 9:00,2,0,379.38,Customer_71,Midwest,5/9/2021,Office,189.69,379.38,2023,1,January
10299,CUST-045,PROD-020,1/13/2023 10:00,1,0.05,130.51,Customer_45,East,11/8/2020,Electronics,137.38,130.511,2023,1,January
10300,CUST-031,PROD-016,1/13/2023 11:00,6,0.2,2053.49,Customer_31,East,8/2/2020,Furniture,427.81,2053.488,2023,1,January
10301,CUST-074,PROD-010,1/13/2023 12:00,8,0.2,372.54,Customer_74,South,5/30/2021,Clothing,58.21,372.544,2023,1,January
10302,CUST-015,PROD-001,1/13/2023 13:00,8,0.2,1076.93,Customer_15,East,4/12/2020,Clothing,168.27,1076.928,2023,1,January
10303,CUST-011,PROD-012,1/13/2023 14:00,1,0.2,375.85,Customer_11,West,3/15/2020,Furniture,469.81,375.848,2023,1,January
10304,CUST-063,PROD-011,1/13/2023 15:00,4,0,1119.24,Customer_63,West,3/14/2021,Clothing,279.81,1119.24,2023,1,January
10305,CUST-034,PROD-015,1/13/2023 16:00,1,0,271.55,Customer_34,South,8/23/2020,Furniture,271.55,271.55,2023,1,January
10306,CUST-083,PROD-020,1/13/2023 17:00,5,0.05,652.55,Customer_83,East,8/1/2021,Electronics,137.38,652.555,2023,1,January
10307,CUST-087,PROD-015,1/13/2023 18:00,9,0.1,2199.56,Customer_87,North,8/29/2021,Furniture,271.55,2199.555,2023,1,January
10308,CUST-012,PROD-017,1/13/2023 19:00,4,0.2,83.97,Customer_12,East,3/22/2020,Electronics,26.24,83.968,2023,1,January
10309,CUST-016,PROD-019,1/13/2023 20:00,6,0.2,,Customer_16,South,4/19/2020,Electronics,193.67,929.616,2023,1,January
10310,CUST-084,PROD-015,1/13/2023 21:00,2,0.05,515.95,Customer_84,East,8/8/2021,Furniture,271.55,515.945,2023,1,January
10311,CUST-003,PROD-010,1/13/2023 22:00,8,0.2,372.54,Customer_3,East,1/19/2020,Clothing,58.21,372.544,2023,1,January
10312,CUST-098,PROD-019,1/13/2023 23:00,2,0.2,309.87,Customer_98,Midwest,11/14/2021,Electronics,193.67,309.872,2023,1,January
10313,CUST-057,PROD-007,1/14/2023 0:00,5,0.2,,Customer_57,Midwest,1/31/2021,Furniture,140.49,561.96,2023,1,January
10314,CUST-054,PROD-004,1/14/2023 1:00,4,0,1342.12,Customer_54,North,1/10/2021,Office,335.53,1342.12,2023,1,January
10315,CUST-062,PROD-012,1/14/2023 2:00,3,0.1,1268.49,Customer_62,Midwest,3/7/2021,Furniture,469.81,1268.487,2023,1,January
10316,CUST-074,PROD-006,1/14/2023 3:00,4,0.1,412.78,Customer_74,South,5/30/2021,Electronics,114.66,412.776,2023,1,January
10317,CUST-010,PROD-019,1/14/2023 4:00,9,0,1743.03,Customer_10,East,3/8/2020,Electronics,193.67,1743.03,2023,1,January
10318,CUST-031,PROD-014,1/14/2023 5:00,2,0,379.38,Customer_31,East,8/2/2020,Office,189.69,379.38,2023,1,January
10319,CUST-025,PROD-004,1/14/2023 6:00,3,0.05,956.26,Customer_25,East,6/21/2020,Office,335.53,956.2605,2023,1,January
10320,CUST-060,PROD-007,1/14/2023 7:00,9,0.1,1137.97,Customer_60,South,2/21/2021,Furniture,140.49,1137.969,2023,1,January
10321,CUST-019,PROD-007,1/14/2023 8:00,7,0.1,885.09,Customer_19,South,5/10/2020,Furniture,140.49,885.087,2023,1,January
10322,CUST-087,PROD-011,1/14/2023 9:00,9,0.05,2392.38,Customer_87,North,8/29/2021,Clothing,279.81,2392.3755,2023,1,January
10323,CUST-100,PROD-018,1/14/2023 10:00,3,0,1171.14,Customer_100,East,11/28/2021,Furniture,390.38,1171.14,2023,1,January
10324,CUST-093,PROD-017,1/14/2023 11:00,6,0,157.44,Customer_93,North,10/10/2021,Electronics,26.24,157.44,2023,1,January
10325,CUST-055,PROD-009,1/14/2023 12:00,6,0.1,1799.12,Customer_55,West,1/17/2021,Furniture,333.17,1799.118,2023,1,January
10326,CUST-057,PROD-013,1/14/2023 13:00,9,0,,Customer_57,Midwest,1/31/2021,Clothing,256.94,2312.46,2023,1,January
10327,CUST-030,PROD-018,1/14/2023 14:00,1,0.2,312.3,Customer_30,West,7/26/2020,Furniture,390.38,312.304,2023,1,January
10328,CUST-021,PROD-014,1/14/2023 15:00,7,0.1,1195.05,Customer_21,West,5/24/2020,Office,189.69,1195.047,2023,1,January
10329,CUST-083,PROD-017,1/14/2023 16:00,5,0.1,118.08,Customer_83,East,8/1/2021,Electronics,26.24,118.08,2023,1,January
10330,CUST-047,PROD-005,1/14/2023 17:00,4,0,997.92,Customer_47,North,11/22/2020,Clothing,249.48,997.92,2023,1,January
10331,CUST-056,PROD-001,1/14/2023 18:00,2,0.1,302.89,Customer_56,East,1/24/2021,Clothing,168.27,302.886,2023,1,January
10332,CUST-056,PROD-002,1/14/2023 19:00,5,0.05,1874.92,Customer_56,East,1/24/2021,Clothing,394.72,1874.92,2023,1,January
10333,CUST-096,PROD-020,1/14/2023 20:00,8,0.2,879.23,Customer_96,West,10/31/2021,Electronics,137.38,879.232,2023,1,January
10334,CUST-056,PROD-013,1/14/2023 21:00,8,0.05,1952.74,Customer_56,East,1/24/2021,Clothing,256.94,1952.744,2023,1,January
10335,CUST-077,PROD-007,1/14/2023 22:00,6,0,842.94,Customer_77,East,6/20/2021,Furniture,140.49,842.94,2023,1,January
10336,CUST-010,PROD-007,1/14/2023 23:00,9,0,1264.41,Customer_10,East,3/8/2020,Furniture,140.49,1264.41,2023,1,January
10337,CUST-078,PROD-018,1/15/2023 0:00,5,0.1,1756.71,Customer_78,North,6/27/2021,Furniture,390.38,1756.71,2023,1,January
10338,CUST-069,PROD-020,1/15/2023 1:00,9,0.05,1174.6,Customer_69,South,4/25/2021,Electronics,137.38,1174.599,2023,1,January
10339,CUST-058,PROD-019,1/15/2023 2:00,7,0.1,1220.12,Customer_58,East,2/7/2021,Electronics,193.67,1220.121,2023,1,January
10340,CUST-072,PROD-003,1/15/2023 3:00,9,0.05,1362.53,Customer_72,South,5/16/2021,Office,159.36,1362.528,2023,1,January
10341,CUST-075,PROD-012,1/15/2023 4:00,2,0,939.62,Customer_75,North,6/6/2021,Furniture,469.81,939.62,2023,1,January
10342,CUST-064,PROD-013,1/15/2023 5:00,4,0.05,976.37,Customer_64,North,3/21/2021,Clothing,256.94,976.372,2023,1,January
10343,CUST-089,PROD-020,1/15/2023 6:00,2,0.1,,Customer_89,Midwest,9/12/2021,Electronics,137.38,247.284,2023,1,January
10344,CUST-096,PROD-010,1/15/2023 7:00,7,0.1,366.72,Customer_96,West,10/31/2021,Clothing,58.21,366.723,2023,1,January
10345,CUST-092,PROD-003,1/15/2023 8:00,1,0.05,151.39,Customer_92,West,10/3/2021,Office,159.36,151.392,2023,1,January
10346,CUST-100,PROD-017,1/12/2033 9:00,6,0.05,149.57,Customer_100,East,11/28/2021,Electronics,26.24,149.568,2033,1,January
10347,CUST-033,PROD-012,1/15/2023 10:00,4,0,1879.24,Customer_33,South,8/16/2020,Furniture,469.81,1879.24,2023,1,January
10348,CUST-022,PROD-018,1/15/2023 11:00,7,0.1,2459.39,Customer_22,North,5/31/2020,Furniture,390.38,2459.394,2023,1,January
10349,CUST-066,PROD-010,1/15/2023 12:00,1,0.2,46.57,Customer_66,East,4/4/2021,Clothing,58.21,46.568,2023,1,January
10350,CUST-010,PROD-019,1/15/2023 13:00,1,0,193.67,Customer_10,East,3/8/2020,Electronics,193.67,193.67,2023,1,January
10351,CUST-013,PROD-011,1/15/2023 14:00,1,0.2,223.85,Customer_13,South,3/29/2020,Clothing,279.81,223.848,2023,1,January
10352,CUST-012,PROD-002,1/15/2023 15:00,8,0.2,2526.21,Customer_12,East,3/22/2020,Clothing,394.72,2526.208,2023,1,January
10353,CUST-019,PROD-005,1/15/2023 16:00,4,0.2,798.34,Customer_19,South,5/10/2020,Clothing,249.48,798.336,2023,1,January
10354,CUST-075,PROD-005,1/15/2023 17:00,4,0,997.92,Customer_75,North,6/6/2021,Clothing,249.48,997.92,2023,1,January
10355,CUST-009,PROD-020,1/15/2023 18:00,3,0.05,391.53,Customer_9,West,3/1/2020,Electronics,137.38,391.533,2023,1,January
10356,CUST-049,PROD-008,1/15/2023 19:00,4,0.05,715.54,Customer_49,West,12/6/2020,Electronics,188.3,715.54,2023,1,January
10357,CUST-028,PROD-017,1/15/2023 20:00,6,0.05,149.57,Customer_28,East,7/12/2020,Electronics,26.24,149.568,2023,1,January
10358,CUST-098,PROD-016,1/15/2023 21:00,1,0.1,385.03,Customer_98,Midwest,11/14/2021,Furniture,427.81,385.029,2023,1,January
10359,CUST-011,PROD-017,1/15/2023 22:00,6,0,157.44,Customer_11,West,3/15/2020,Electronics,26.24,157.44,2023,1,January
10360,CUST-067,PROD-020,1/15/2023 23:00,4,0.2,439.62,Customer_67,Midwest,4/11/2021,Electronics,137.38,439.616,2023,1,January
10361,CUST-054,PROD-010,1/16/2023 0:00,7,0.05,387.1,Customer_54,North,1/10/2021,Clothing,58.21,387.0965,2023,1,January
10362,CUST-096,PROD-006,1/16/2023 1:00,7,0,802.62,Customer_96,West,10/31/2021,Electronics,114.66,802.62,2023,1,January
10363,CUST-051,PROD-011,1/16/2023 2:00,8,0.2,1790.78,Customer_51,Midwest,12/20/2020,Clothing,279.81,1790.784,2023,1,January
10364,CUST-053,PROD-003,1/16/2023 3:00,1,0.05,151.39,Customer_53,North,1/3/2021,Office,159.36,151.392,2023,1,January
10365,CUST-043,PROD-004,1/16/2023 4:00,4,0.1,1207.91,Customer_43,Midwest,10/25/2020,Office,335.53,1207.908,2023,1,January
10366,CUST-027,PROD-017,1/16/2023 5:00,4,0,104.96,Customer_27,South,7/5/2020,Electronics,26.24,104.96,2023,1,January
10367,CUST-050,PROD-015,1/16/2023 6:00,6,0.1,1466.37,Customer_50,East,12/13/2020,Furniture,271.55,1466.37,2023,1,January
10368,CUST-061,PROD-019,1/16/2023 7:00,4,0.1,697.21,Customer_61,East,2/28/2021,Electronics,193.67,697.212,2023,1,January
10369,CUST-069,PROD-013,1/16/2023 8:00,7,0.05,1708.65,Customer_69,South,4/25/2021,Clothing,256.94,1708.651,2023,1,January
10370,CUST-008,PROD-016,1/16/2023 9:00,6,0.2,,Customer_8,South,2/23/2020,Furniture,427.81,2053.488,2023,1,January
10371,CUST-072,PROD-007,1/16/2023 10:00,3,0.1,379.32,Customer_72,South,5/16/2021,Furniture,140.49,379.323,2023,1,January
10372,CUST-039,PROD-012,1/16/2023 11:00,7,0.1,2959.8,Customer_39,South,9/27/2020,Furniture,469.81,2959.803,2023,1,January
10373,CUST-074,PROD-006,1/16/2023 12:00,7,0.05,762.49,Customer_74,South,5/30/2021,Electronics,114.66,762.489,2023,1,January
10374,CUST-052,PROD-010,1/16/2023 13:00,9,0.05,497.7,Customer_52,North,12/27/2020,Clothing,58.21,497.6955,2023,1,January
10375,CUST-091,PROD-006,1/16/2023 14:00,1,0.1,103.19,Customer_91,Midwest,9/26/2021,Electronics,114.66,103.194,2023,1,January
10376,CUST-070,PROD-005,1/16/2023 15:00,4,0.2,798.34,Customer_70,East,5/2/2021,Clothing,249.48,798.336,2023,1,January
10377,CUST-017,PROD-012,1/16/2023 16:00,7,0.1,2959.8,Customer_17,East,4/26/2020,Furniture,469.81,2959.803,2023,1,January
10378,CUST-097,PROD-014,1/16/2023 17:00,3,0.2,455.26,Customer_97,North,11/7/2021,Office,189.69,455.256,2023,1,January
10379,CUST-047,PROD-004,1/16/2023 18:00,5,0.05,1593.77,Customer_47,North,11/22/2020,Office,335.53,1593.7675,2023,1,January
10380,CUST-060,PROD-008,1/16/2023 19:00,-3,0.05,-536.66,Customer_60,South,2/21/2021,Electronics,188.3,-536.655,2023,1,January
10381,CUST-083,PROD-010,1/16/2023 20:00,2,0.1,104.78,Customer_83,East,8/1/2021,Clothing,58.21,104.778,2023,1,January
10382,CUST-025,PROD-013,1/16/2023 21:00,-7,0.1,-1618.72,Customer_25,East,6/21/2020,Clothing,256.94,-1618.722,2023,1,January
10383,CUST-077,PROD-006,1/16/2023 22:00,6,0.05,,Customer_77,East,6/20/2021,Electronics,114.66,653.562,2023,1,January
10384,CUST-071,PROD-005,1/16/2023 23:00,9,0.1,,Customer_71,Midwest,5/9/2021,Clothing,249.48,2020.788,2023,1,January
10385,CUST-999,PROD-008,1/17/2023 0:00,8,0.2,1205.12,,,,Electronics,188.3,1205.12,2023,1,January
10386,CUST-072,PROD-018,1/17/2023 1:00,8,0,3123.04,Customer_72,South,5/16/2021,Furniture,390.38,3123.04,2023,1,January
10387,CUST-078,PROD-009,1/17/2023 2:00,8,0.05,2532.09,Customer_78,North,6/27/2021,Furniture,333.17,2532.092,2023,1,January
10388,CUST-069,PROD-014,1/17/2023 3:00,2,0.2,303.5,Customer_69,South,4/25/2021,Office,189.69,303.504,2023,1,January
10389,CUST-015,PROD-010,1/17/2023 4:00,8,0.1,419.11,Customer_15,East,4/12/2020,Clothing,58.21,419.112,2023,1,January
10390,CUST-088,PROD-013,1/17/2023 5:00,7,0.1,1618.72,Customer_88,Midwest,9/5/2021,Clothing,256.94,1618.722,2023,1,January
10391,CUST-084,PROD-011,1/17/2023 6:00,7,0.2,,Customer_84,East,8/8/2021,Clothing,279.81,1566.936,2023,1,January
10392,CUST-026,PROD-018,1/17/2023 7:00,1,0.1,351.34,Customer_26,West,6/28/2020,Furniture,390.38,351.342,2023,1,January
10393,CUST-034,PROD-019,1/17/2023 8:00,9,0.2,1394.42,Customer_34,South,8/23/2020,Electronics,193.67,1394.424,2023,1,January
10394,CUST-010,PROD-006,1/17/2023 9:00,3,0.2,275.18,Customer_10,East,3/8/2020,Electronics,114.66,275.184,2023,1,January
10395,CUST-059,PROD-003,1/17/2023 10:00,7,0,1115.52,Customer_59,South,2/14/2021,Office,159.36,1115.52,2023,1,January
10396,CUST-002,PROD-020,1/17/2023 11:00,9,0.2,,Customer_2,South,1/12/2020,Electronics,137.38,989.136,2023,1,January
10397,CUST-062,PROD-014,1/17/2023 12:00,4,0.1,,Customer_62,Midwest,3/7/2021,Office,189.69,682.884,2023,1,January
10398,CUST-999,PROD-009,1/17/2023 13:00,3,0.1,899.56,,,,Furniture,333.17,899.559,2023,1,January
10399,CUST-023,PROD-019,1/17/2023 14:00,6,0.1,1045.82,Customer_23,South,6/7/2020,Electronics,193.67,1045.818,2023,1,January
10400,CUST-034,PROD-011,1/17/2023 15:00,6,0.05,1594.92,Customer_34,South,8/23/2020,Clothing,279.81,1594.917,2023,1,January
10401,CUST-002,PROD-019,1/17/2023 15:00,6,0.1,1045.82,Customer_2,South,1/12/2020,Electronics,193.67,1045.818,2023,1,January
10402,CUST-071,PROD-020,1/17/2023 17:00,5,0,686.9,Customer_71,Midwest,5/9/2021,Electronics,137.38,686.9,2023,1,January
10403,CUST-083,PROD-005,1/17/2023 18:00,9,0.2,1796.26,Customer_83,East,8/1/2021,Clothing,249.48,1796.256,2023,1,January
10404,CUST-008,PROD-011,1/17/2023 19:00,8,0.05,2126.56,Customer_8,South,2/23/2020,Clothing,279.81,2126.556,2023,1,January
10405,CUST-068,PROD-015,1/17/2023 20:00,1,0,271.55,Customer_68,North,4/18/2021,Furniture,271.55,271.55,2023,1,January
10406,CUST-044,PROD-011,1/17/2023 21:00,1,0.05,,Customer_44,South,11/1/2020,Clothing,279.81,265.8195,2023,1,January
10407,CUST-078,PROD-018,1/17/2023 22:00,3,0.1,,Customer_78,North,6/27/2021,Furniture,390.38,1054.026,2023,1,January
10408,CUST-018,PROD-019,1/17/2023 23:00,2,0.05,367.97,Customer_18,South,5/3/2020,Electronics,193.67,367.973,2023,1,January
10409,CUST-100,PROD-015,1/18/2023 0:00,8,0.1,1955.16,Customer_100,East,11/28/2021,Furniture,271.55,1955.16,2023,1,January
10410,CUST-090,PROD-019,1/18/2023 1:00,-4,0.2,-619.74,Customer_90,Midwest,9/19/2021,Electronics,193.67,-619.744,2023,1,January
10411,CUST-019,PROD-016,1/18/2023 2:00,3,0.1,1155.09,Customer_19,South,5/10/2020,Furniture,427.81,1155.087,2023,1,January
10412,CUST-004,PROD-011,1/18/2023 3:00,4,0,1119.24,Customer_4,South,1/26/2020,Clothing,279.81,1119.24,2023,1,January
10413,CUST-045,PROD-008,1/18/2023 4:00,9,0,1694.7,Customer_45,East,11/8/2020,Electronics,188.3,1694.7,2023,1,January
10414,CUST-999,PROD-004,1/18/2023 5:00,4,0,1342.12,,,,Office,335.53,1342.12,2023,1,January
10415,CUST-045,PROD-003,1/18/2023 6:00,4,0.2,509.95,Customer_45,East,11/8/2020,Office,159.36,509.952,2023,1,January
10416,CUST-044,PROD-011,1/18/2023 7:00,6,0,1678.86,Customer_44,South,11/1/2020,Clothing,279.81,1678.86,2023,1,January
10417,CUST-001,PROD-010,1/18/2023 8:00,9,0,523.89,Customer_1,East,1/5/2020,Clothing,58.21,523.89,2023,1,January
10418,CUST-043,PROD-017,1/18/2023 9:00,6,0,157.44,Customer_43,Midwest,10/25/2020,Electronics,26.24,157.44,2023,1,January
10419,CUST-068,PROD-020,1/18/2023 10:00,2,0.1,247.28,Customer_68,North,4/18/2021,Electronics,137.38,247.284,2023,1,January
10420,CUST-098,PROD-001,1/18/2023 11:00,9,0.1,1362.99,Customer_98,Midwest,11/14/2021,Clothing,168.27,1362.987,2023,1,January
10421,CUST-006,PROD-014,1/18/2023 12:00,3,0.05,540.62,Customer_6,West,2/9/2020,Office,189.69,540.6165,2023,1,January
10422,CUST-026,PROD-005,1/18/2023 13:00,7,0,1746.36,Customer_26,West,6/28/2020,Clothing,249.48,1746.36,2023,1,January
10423,CUST-064,PROD-003,1/18/2023 14:00,3,0.05,454.18,Customer_64,North,3/21/2021,Office,159.36,454.176,2023,1,January
10424,CUST-072,PROD-002,1/18/2023 15:00,3,0.05,,Customer_72,South,5/16/2021,Clothing,394.72,1124.952,2023,1,January
10425,CUST-009,PROD-006,1/18/2023 16:00,8,0,917.28,Customer_9,West,3/1/2020,Electronics,114.66,917.28,2023,1,January
10426,CUST-053,PROD-009,1/18/2023 17:00,1000,0,333170,Customer_53,North,1/3/2021,Furniture,333.17,333170,2023,1,January
10427,CUST-015,PROD-008,1/18/2023 18:00,3,0.05,536.66,Customer_15,East,4/12/2020,Electronics,188.3,536.655,2023,1,January
10428,CUST-086,PROD-015,1/18/2023 19:00,8,0.2,1737.92,Customer_86,Midwest,8/22/2021,Furniture,271.55,1737.92,2023,1,January
10429,CUST-016,PROD-005,1/18/2023 20:00,6,0.05,1422.04,Customer_16,South,4/19/2020,Clothing,249.48,1422.036,2023,1,January
10430,CUST-009,PROD-011,1/18/2023 21:00,9,0.1,2266.46,Customer_9,West,3/1/2020,Clothing,279.81,2266.461,2023,1,January
10431,CUST-036,PROD-006,1/18/2023 22:00,5,0,573.3,Customer_36,West,9/6/2020,Electronics,114.66,573.3,2023,1,January
10432,CUST-021,PROD-006,1/18/2023 23:00,9,0.1,928.75,Customer_21,West,5/24/2020,Electronics,114.66,928.746,2023,1,January
10433,CUST-026,PROD-002,1/19/2023 0:00,1,0.05,374.98,Customer_26,West,6/28/2020,Clothing,394.72,374.984,2023,1,January
10434,CUST-044,PROD-006,1/19/2023 1:00,6,0.2,,Customer_44,South,11/1/2020,Electronics,114.66,550.368,2023,1,January
10435,CUST-037,PROD-002,1/19/2023 2:00,8,0.2,2526.21,Customer_37,East,9/13/2020,Clothing,394.72,2526.208,2023,1,January
10436,CUST-086,PROD-001,1/19/2023 3:00,5,0.2,673.08,Customer_86,Midwest,8/22/2021,Clothing,168.27,673.08,2023,1,January
10437,CUST-080,PROD-008,1/19/2023 4:00,8,0.1,1355.76,Customer_80,North,7/11/2021,Electronics,188.3,1355.76,2023,1,January
10438,CUST-049,PROD-020,1/19/2023 5:00,0,0,,Customer_49,West,12/6/2020,Electronics,137.38,0,2023,1,January
10439,CUST-003,PROD-015,1/19/2023 6:00,1,0.1,244.4,Customer_3,East,1/19/2020,Furniture,271.55,244.395,2023,1,January
10440,CUST-078,PROD-015,1/19/2023 6:00,1,0,,Customer_78,North,6/27/2021,Furniture,271.55,271.55,2023,1,January
10441,CUST-006,PROD-009,1/19/2023 8:00,4,0.2,1066.14,Customer_6,West,2/9/2020,Furniture,333.17,1066.144,2023,1,January
10442,CUST-085,PROD-012,1/19/2023 9:00,3,0.2,1127.54,Customer_85,West,8/15/2021,Furniture,469.81,1127.544,2023,1,January
10443,CUST-048,PROD-015,1/19/2023 10:00,7,0,1900.85,Customer_48,Midwest,11/29/2020,Furniture,271.55,1900.85,2023,1,January
10444,CUST-049,PROD-006,1/19/2023 11:00,4,0,458.64,Customer_49,West,12/6/2020,Electronics,114.66,458.64,2023,1,January
10445,CUST-098,PROD-011,1/19/2023 11:00,1,0.05,265.82,Customer_98,Midwest,11/14/2021,Clothing,279.81,265.8195,2023,1,January
10446,CUST-020,PROD-016,1/19/2023 13:00,3,0.2,1026.74,Customer_20,Midwest,5/17/2020,Furniture,427.81,1026.744,2023,1,January
10447,CUST-017,PROD-007,1/19/2023 14:00,5,0.05,667.33,Customer_17,East,4/26/2020,Furniture,140.49,667.3275,2023,1,January
10448,CUST-033,PROD-004,1/19/2023 15:00,1,0.2,268.42,Customer_33,South,8/16/2020,Office,335.53,268.424,2023,1,January
10449,CUST-095,PROD-002,1/19/2023 16:00,3,0.05,1124.95,Customer_95,Midwest,10/24/2021,Clothing,394.72,1124.952,2023,1,January
10450,CUST-067,PROD-008,1/19/2023 17:00,2,0.2,301.28,Customer_67,Midwest,4/11/2021,Electronics,188.3,301.28,2023,1,January
10451,CUST-052,PROD-017,1/19/2023 18:00,9,0.2,188.93,Customer_52,North,12/27/2020,Electronics,26.24,188.928,2023,1,January
10452,CUST-027,PROD-008,1/19/2023 19:00,6,0,1129.8,Customer_27,South,7/5/2020,Electronics,188.3,1129.8,2023,1,January
10453,CUST-033,PROD-016,1/19/2023 20:00,4,0,1711.24,Customer_33,South,8/16/2020,Furniture,427.81,1711.24,2023,1,January
10454,CUST-068,PROD-004,1/19/2023 21:00,4,0,1342.12,Customer_68,North,4/18/2021,Office,335.53,1342.12,2023,1,January
10455,CUST-054,PROD-005,1/19/2023 22:00,8,0.2,1596.67,Customer_54,North,1/10/2021,Clothing,249.48,1596.672,2023,1,January
10456,CUST-088,PROD-008,1/19/2023 23:00,8,0.1,1355.76,Customer_88,Midwest,9/5/2021,Electronics,188.3,1355.76,2023,1,January
10457,CUST-028,PROD-010,1/20/2023 0:00,9,0.2,419.11,Customer_28,East,7/12/2020,Clothing,58.21,419.112,2023,1,January
10458,CUST-079,PROD-005,1/20/2023 1:00,2,0,498.96,Customer_79,East,7/4/2021,Clothing,249.48,498.96,2023,1,January
10459,CUST-020,PROD-010,1/20/2023 2:00,7,0.2,325.98,Customer_20,Midwest,5/17/2020,Clothing,58.21,325.976,2023,1,January
10460,CUST-043,PROD-007,1/20/2023 3:00,9,0,1264.41,Customer_43,Midwest,10/25/2020,Furniture,140.49,1264.41,2023,1,January
10461,CUST-074,PROD-002,1/20/2023 4:00,5,0.05,1874.92,Customer_74,South,5/30/2021,Clothing,394.72,1874.92,2023,1,January
10462,CUST-087,PROD-015,1/20/2023 5:00,2,0.1,488.79,Customer_87,North,8/29/2021,Furniture,271.55,488.79,2023,1,January
10463,CUST-017,PROD-019,1/20/2023 6:00,2,0,387.34,Customer_17,East,4/26/2020,Electronics,193.67,387.34,2023,1,January
10464,CUST-040,PROD-014,1/20/2023 7:00,-1,0.05,-180.21,Customer_40,North,10/4/2020,Office,189.69,-180.2055,2023,1,January
10465,CUST-008,PROD-009,1/20/2023 8:00,8,0.05,2532.09,Customer_8,South,2/23/2020,Furniture,333.17,2532.092,2023,1,January
10466,CUST-072,PROD-012,1/20/2023 9:00,6,0.2,,Customer_72,South,5/16/2021,Furniture,469.81,2255.088,2023,1,January
10467,CUST-080,PROD-018,1/20/2023 10:00,4,0.1,1405.37,Customer_80,North,7/11/2021,Furniture,390.38,1405.368,2023,1,January
10468,CUST-088,PROD-017,1/20/2023 11:00,8,0,,Customer_88,Midwest,9/5/2021,Electronics,26.24,209.92,2023,1,January
10469,CUST-024,PROD-017,1/20/2023 12:00,4,0,,Customer_24,South,6/14/2020,Electronics,26.24,104.96,2023,1,January
10470,CUST-019,PROD-019,1/20/2023 13:00,-5,0.2,-774.68,Customer_19,South,5/10/2020,Electronics,193.67,-774.68,2023,1,January
10471,CUST-031,PROD-006,1/20/2023 14:00,5,0.2,458.64,Customer_31,East,8/2/2020,Electronics,114.66,458.64,2023,1,January
10472,CUST-026,PROD-002,1/20/2023 15:00,6,0.2,1894.66,Customer_26,West,6/28/2020,Clothing,394.72,1894.656,2023,1,January
10473,CUST-087,PROD-010,1/20/2023 16:00,6,0,349.26,Customer_87,North,8/29/2021,Clothing,58.21,349.26,2023,1,January
10474,CUST-030,PROD-007,1/20/2023 17:00,2,0.1,,Customer_30,West,7/26/2020,Furniture,140.49,252.882,2023,1,January
10475,CUST-022,PROD-017,1/20/2023 18:00,2,0.05,49.86,Customer_22,North,5/31/2020,Electronics,26.24,49.856,2023,1,January
10476,CUST-055,PROD-002,1/20/2023 19:00,6,0.2,,Customer_55,West,1/17/2021,Clothing,394.72,1894.656,2023,1,January
10477,CUST-015,PROD-004,1/20/2023 20:00,3,0.05,,Customer_15,East,4/12/2020,Office,335.53,956.2605,2023,1,January
10478,CUST-066,PROD-004,1/20/2023 21:00,4,0.2,1073.7,Customer_66,East,4/4/2021,Office,335.53,1073.696,2023,1,January
10479,CUST-034,PROD-018,1/20/2023 22:00,9,0.05,3337.75,Customer_34,South,8/23/2020,Furniture,390.38,3337.749,2023,1,January
10480,CUST-067,PROD-007,1/20/2023 23:00,4,0.1,505.76,Customer_67,Midwest,4/11/2021,Furniture,140.49,505.764,2023,1,January
10481,CUST-087,PROD-019,1/21/2023 0:00,7,0.2,1084.55,Customer_87,North,8/29/2021,Electronics,193.67,1084.552,2023,1,January
10482,CUST-068,PROD-020,1/21/2023 1:00,9,0.05,1174.6,Customer_68,North,4/18/2021,Electronics,137.38,1174.599,2023,1,January
10483,CUST-087,PROD-004,1/18/2033 2:00,2,0.05,637.51,Customer_87,North,8/29/2021,Office,335.53,637.507,2033,1,January
10484,CUST-006,PROD-011,1/21/2023 3:00,1,0.2,223.85,Customer_6,West,2/9/2020,Clothing,279.81,223.848,2023,1,January
10485,CUST-093,PROD-005,1/21/2023 4:00,2,0,498.96,Customer_93,North,10/10/2021,Clothing,249.48,498.96,2023,1,January
10486,CUST-061,PROD-019,1/21/2023 5:00,8,0.1,1394.42,Customer_61,East,2/28/2021,Electronics,193.67,1394.424,2023,1,January
10487,CUST-082,PROD-018,1/21/2023 6:00,9,0.2,2810.74,Customer_82,South,7/25/2021,Furniture,390.38,2810.736,2023,1,January
10488,CUST-093,PROD-001,1/21/2023 7:00,1,0.1,151.44,Customer_93,North,10/10/2021,Clothing,168.27,151.443,2023,1,January
10489,CUST-020,PROD-013,1/21/2023 8:00,2,0.1,462.49,Customer_20,Midwest,5/17/2020,Clothing,256.94,462.492,2023,1,January
10490,CUST-074,PROD-019,1/21/2023 9:00,1,0,193.67,Customer_74,South,5/30/2021,Electronics,193.67,193.67,2023,1,January
10491,CUST-047,PROD-009,1/21/2023 10:00,7,0,2332.19,Customer_47,North,11/22/2020,Furniture,333.17,2332.19,2023,1,January
10492,CUST-100,PROD-014,1/21/2023 11:00,2,0.2,303.5,Customer_100,East,11/28/2021,Office,189.69,303.504,2023,1,January
10493,CUST-090,PROD-012,1/21/2023 12:00,3,0.2,1127.54,Customer_90,Midwest,9/19/2021,Furniture,469.81,1127.544,2023,1,January
10494,CUST-012,PROD-019,1/21/2023 13:00,4,0.2,619.74,Customer_12,East,3/22/2020,Electronics,193.67,619.744,2023,1,January
10495,CUST-066,PROD-019,1/21/2023 14:00,4,0.1,697.21,Customer_66,East,4/4/2021,Electronics,193.67,697.212,2023,1,January
10496,CUST-094,PROD-001,1/21/2023 15:00,8,0.2,1076.93,Customer_94,North,10/17/2021,Clothing,168.27,1076.928,2023,1,January
10497,CUST-070,PROD-015,1/21/2023 16:00,3,0.1,733.18,Customer_70,East,5/2/2021,Furniture,271.55,733.185,2023,1,January
10498,CUST-027,PROD-008,1/21/2023 17:00,6,0.05,1073.31,Customer_27,South,7/5/2020,Electronics,188.3,1073.31,2023,1,January
10499,CUST-083,PROD-003,1/21/2023 18:00,8,0,1274.88,Customer_83,East,8/1/2021,Office,159.36,1274.88,2023,1,January
10500,CUST-058,PROD-020,1/21/2023 19:00,1,0.2,109.9,Customer_58,East,2/7/2021,Electronics,137.38,109.904,2023,1,January
10501,CUST-053,PROD-012,1/21/2023 20:00,-7,0.1,-2959.8,Customer_53,North,1/3/2021,Furniture,469.81,-2959.803,2023,1,January
10502,CUST-049,PROD-007,1/21/2023 21:00,3,0,421.47,Customer_49,West,12/6/2020,Furniture,140.49,421.47,2023,1,January
10503,CUST-077,PROD-001,1/21/2023 22:00,2,0.05,319.71,Customer_77,East,6/20/2021,Clothing,168.27,319.713,2023,1,January
10504,CUST-023,PROD-020,1/21/2023 23:00,6,0.05,783.07,Customer_23,South,6/7/2020,Electronics,137.38,783.066,2023,1,January
10505,CUST-045,PROD-013,1/22/2023 0:00,9,0.1,2081.21,Customer_45,East,11/8/2020,Clothing,256.94,2081.214,2023,1,January
10506,CUST-029,PROD-007,1/22/2023 1:00,9,0.05,1201.19,Customer_29,Midwest,7/19/2020,Furniture,140.49,1201.1895,2023,1,January
10507,CUST-041,PROD-017,1/22/2023 2:00,8,0.1,188.93,Customer_41,Midwest,10/11/2020,Electronics,26.24,188.928,2023,1,January
10508,CUST-027,PROD-007,1/22/2023 3:00,7,0.2,786.74,Customer_27,South,7/5/2020,Furniture,140.49,786.744,2023,1,January
10509,CUST-076,PROD-007,1/22/2023 4:00,1000,0.1,126441,Customer_76,East,6/13/2021,Furniture,140.49,126441,2023,1,January
10510,CUST-083,PROD-003,1/22/2023 5:00,4,0.2,509.95,Customer_83,East,8/1/2021,Office,159.36,509.952,2023,1,January
10511,CUST-082,PROD-004,1/22/2023 6:00,5,0.2,1342.12,Customer_82,South,7/25/2021,Office,335.53,1342.12,2023,1,January
10512,CUST-083,PROD-005,1/22/2023 7:00,7,0.2,1397.09,Customer_83,East,8/1/2021,Clothing,249.48,1397.088,2023,1,January
10513,CUST-093,PROD-015,1/22/2023 8:00,6,0.05,1547.84,Customer_93,North,10/10/2021,Furniture,271.55,1547.835,2023,1,January
10514,CUST-037,PROD-003,1/22/2023 9:00,1,0.2,127.49,Customer_37,East,9/13/2020,Office,159.36,127.488,2023,1,January
10515,CUST-056,PROD-007,1/22/2023 10:00,5,0.2,,Customer_56,East,1/24/2021,Furniture,140.49,561.96,2023,1,January
10516,CUST-078,PROD-020,1/22/2023 11:00,8,0,1099.04,Customer_78,North,6/27/2021,Electronics,137.38,1099.04,2023,1,January
10517,CUST-068,PROD-003,1/22/2023 12:00,7,0.05,1059.74,Customer_68,North,4/18/2021,Office,159.36,1059.744,2023,1,January
10518,CUST-087,PROD-014,1/22/2023 13:00,3,0.1,512.16,Customer_87,North,8/29/2021,Office,189.69,512.163,2023,1,January
10519,CUST-044,PROD-005,1/22/2023 14:00,6,0,1496.88,Customer_44,South,11/1/2020,Clothing,249.48,1496.88,2023,1,January
10520,CUST-031,PROD-008,1/22/2023 15:00,6,0.05,1073.31,Customer_31,East,8/2/2020,Electronics,188.3,1073.31,2023,1,January
10521,CUST-007,PROD-005,1/22/2023 16:00,2,0,498.96,Customer_7,North,2/16/2020,Clothing,249.48,498.96,2023,1,January
10522,CUST-080,PROD-007,1/22/2023 17:00,9,0.1,1137.97,Customer_80,North,7/11/2021,Furniture,140.49,1137.969,2023,1,January
10523,CUST-010,PROD-011,1/22/2023 18:00,7,0.05,1860.74,Customer_10,East,3/8/2020,Clothing,279.81,1860.7365,2023,1,January
10524,CUST-047,PROD-012,1/22/2023 19:00,2,0,939.62,Customer_47,North,11/22/2020,Furniture,469.81,939.62,2023,1,January
10525,CUST-014,PROD-007,1/19/2033 20:00,2,0,280.98,Customer_14,North,4/5/2020,Furniture,140.49,280.98,2033,1,January
10526,CUST-076,PROD-017,1/22/2023 21:00,3,0.05,74.78,Customer_76,East,6/13/2021,Electronics,26.24,74.784,2023,1,January
10527,CUST-078,PROD-008,1/22/2023 22:00,8,0,1506.4,Customer_78,North,6/27/2021,Electronics,188.3,1506.4,2023,1,January
10528,CUST-031,PROD-002,1/22/2023 23:00,9,0,3552.48,Customer_31,East,8/2/2020,Clothing,394.72,3552.48,2023,1,January
10529,CUST-065,PROD-006,1/23/2023 0:00,3,0.1,309.58,Customer_65,South,3/28/2021,Electronics,114.66,309.582,2023,1,January
10530,CUST-073,PROD-017,1/23/2023 1:00,4,0.05,,Customer_73,North,5/23/2021,Electronics,26.24,99.712,2023,1,January
10531,CUST-033,PROD-014,1/23/2023 2:00,5,0.05,901.03,Customer_33,South,8/16/2020,Office,189.69,901.0275,2023,1,January
10532,CUST-041,PROD-019,1/23/2023 3:00,1,0,193.67,Customer_41,Midwest,10/11/2020,Electronics,193.67,193.67,2023,1,January
10533,CUST-065,PROD-005,1/23/2023 4:00,4,0.1,898.13,Customer_65,South,3/28/2021,Clothing,249.48,898.128,2023,1,January
10534,CUST-078,PROD-019,1/23/2023 5:00,3,0,581.01,Customer_78,North,6/27/2021,Electronics,193.67,581.01,2023,1,January
10535,CUST-013,PROD-013,1/23/2023 6:00,3,0.1,693.74,Customer_13,South,3/29/2020,Clothing,256.94,693.738,2023,1,January
10536,CUST-007,PROD-011,1/23/2023 7:00,3,0.05,797.46,Customer_7,North,2/16/2020,Clothing,279.81,797.4585,2023,1,January
10537,CUST-049,PROD-011,1/23/2023 8:00,8,0.05,2126.56,Customer_49,West,12/6/2020,Clothing,279.81,2126.556,2023,1,January
10538,CUST-017,PROD-016,1/23/2023 9:00,8,0.1,3080.23,Customer_17,East,4/26/2020,Furniture,427.81,3080.232,2023,1,January
10539,CUST-004,PROD-002,1/23/2023 10:00,2,0,789.44,Customer_4,South,1/26/2020,Clothing,394.72,789.44,2023,1,January
10540,CUST-026,PROD-006,1/23/2023 11:00,6,0.1,619.16,Customer_26,West,6/28/2020,Electronics,114.66,619.164,2023,1,January
10541,CUST-034,PROD-013,1/23/2023 12:00,5,0.2,1027.76,Customer_34,South,8/23/2020,Clothing,256.94,1027.76,2023,1,January
10542,CUST-055,PROD-011,1/23/2023 13:00,5,0.1,1259.14,Customer_55,West,1/17/2021,Clothing,279.81,1259.145,2023,1,January
10543,CUST-048,PROD-007,1/23/2023 14:00,-2,0.1,-252.88,Customer_48,Midwest,11/29/2020,Furniture,140.49,-252.882,2023,1,January
10544,CUST-040,PROD-005,1/23/2023 15:00,4,0.05,948.02,Customer_40,North,10/4/2020,Clothing,249.48,948.024,2023,1,January
10545,CUST-032,PROD-005,1/23/2023 16:00,6,0.05,1422.04,Customer_32,Midwest,8/9/2020,Clothing,249.48,1422.036,2023,1,January
10546,CUST-068,PROD-016,1/23/2023 17:00,4,0.05,,Customer_68,North,4/18/2021,Furniture,427.81,1625.678,2023,1,January
10547,CUST-024,PROD-012,1/23/2023 18:00,5,0.1,2114.15,Customer_24,South,6/14/2020,Furniture,469.81,2114.145,2023,1,January
10548,CUST-066,PROD-016,1/23/2023 19:00,9,0.2,3080.23,Customer_66,East,4/4/2021,Furniture,427.81,3080.232,2023,1,January
10549,CUST-047,PROD-008,1/23/2023 20:00,7,0,1318.1,Customer_47,North,11/22/2020,Electronics,188.3,1318.1,2023,1,January
10550,CUST-068,PROD-020,1/23/2023 21:00,6,0.1,741.85,Customer_68,North,4/18/2021,Electronics,137.38,741.852,2023,1,January
10551,CUST-048,PROD-006,1/23/2023 22:00,6,0,687.96,Customer_48,Midwest,11/29/2020,Electronics,114.66,687.96,2023,1,January
10552,CUST-017,PROD-020,1/23/2023 23:00,7,0.05,913.58,Customer_17,East,4/26/2020,Electronics,137.38,913.577,2023,1,January
10553,CUST-012,PROD-002,1/24/2023 0:00,3,0.1,1065.74,Customer_12,East,3/22/2020,Clothing,394.72,1065.744,2023,1,January
10554,CUST-008,PROD-006,1/24/2023 1:00,8,0.2,733.82,Customer_8,South,2/23/2020,Electronics,114.66,733.824,2023,1,January
10555,CUST-029,PROD-003,1/24/2023 2:00,2,0.05,302.78,Customer_29,Midwest,7/19/2020,Office,159.36,302.784,2023,1,January
10556,CUST-100,PROD-018,1/24/2023 3:00,6,0.05,,Customer_100,East,11/28/2021,Furniture,390.38,2225.166,2023,1,January
10557,CUST-091,PROD-016,1/21/2033 4:00,6,0,2566.86,Customer_91,Midwest,9/26/2021,Furniture,427.81,2566.86,2033,1,January
10558,CUST-999,PROD-008,1/24/2023 5:00,6,0.05,1073.31,,,,Electronics,188.3,1073.31,2023,1,January
10559,CUST-007,PROD-003,1/24/2023 6:00,5,0.05,,Customer_7,North,2/16/2020,Office,159.36,756.96,2023,1,January
10560,CUST-082,PROD-014,1/24/2023 7:00,2,0.2,303.5,Customer_82,South,7/25/2021,Office,189.69,303.504,2023,1,January
10561,CUST-046,PROD-008,1/24/2023 8:00,4,0.05,715.54,Customer_46,North,11/15/2020,Electronics,188.3,715.54,2023,1,January
10562,CUST-999,PROD-001,1/24/2023 9:00,8,0.1,1211.54,,,,Clothing,168.27,1211.544,2023,1,January
10563,CUST-025,PROD-013,1/24/2023 10:00,6,0,1541.64,Customer_25,East,6/21/2020,Clothing,256.94,1541.64,2023,1,January
10564,CUST-060,PROD-017,1/24/2023 11:00,9,0.2,188.93,Customer_60,South,2/21/2021,Electronics,26.24,188.928,2023,1,January
10565,CUST-013,PROD-001,1/24/2023 12:00,3,0.05,479.57,Customer_13,South,3/29/2020,Clothing,168.27,479.5695,2023,1,January
10566,CUST-022,PROD-007,1/24/2023 13:00,5,0.1,632.21,Customer_22,North,5/31/2020,Furniture,140.49,632.205,2023,1,January
10567,CUST-085,PROD-011,1/24/2023 14:00,4,0,1119.24,Customer_85,West,8/15/2021,Clothing,279.81,1119.24,2023,1,January
10568,CUST-010,PROD-011,1/24/2023 15:00,8,0,,Customer_10,East,3/8/2020,Clothing,279.81,2238.48,2023,1,January
10569,CUST-098,PROD-002,1/24/2023 16:00,1,0.2,315.78,Customer_98,Midwest,11/14/2021,Clothing,394.72,315.776,2023,1,January
10570,CUST-068,PROD-016,1/24/2023 17:00,6,0,2566.86,Customer_68,North,4/18/2021,Furniture,427.81,2566.86,2023,1,January
10571,CUST-070,PROD-014,1/24/2023 18:00,4,0.05,,Customer_70,East,5/2/2021,Office,189.69,720.822,2023,1,January
10572,CUST-062,PROD-012,1/24/2023 19:00,1,0.1,422.83,Customer_62,Midwest,3/7/2021,Furniture,469.81,422.829,2023,1,January
10573,CUST-018,PROD-019,1/24/2023 20:00,5,0.05,,Customer_18,South,5/3/2020,Electronics,193.67,919.9325,2023,1,January
10574,CUST-099,PROD-011,1/24/2023 21:00,6,0,1678.86,Customer_99,East,11/21/2021,Clothing,279.81,1678.86,2023,1,January
10575,CUST-051,PROD-008,1/24/2023 22:00,5,0,941.5,Customer_51,Midwest,12/20/2020,Electronics,188.3,941.5,2023,1,January
10576,CUST-037,PROD-015,1/24/2023 23:00,7,0,1900.85,Customer_37,East,9/13/2020,Furniture,271.55,1900.85,2023,1,January
10577,CUST-085,PROD-005,1/24/2023 23:00,7,0.05,,Customer_85,West,8/15/2021,Clothing,249.48,1659.042,2023,1,January
10578,CUST-057,PROD-002,1/25/2023 1:00,8,0.05,,Customer_57,Midwest,1/31/2021,Clothing,394.72,2999.872,2023,1,January
10579,CUST-049,PROD-001,1/25/2023 2:00,1000,0.2,134616,Customer_49,West,12/6/2020,Clothing,168.27,134616,2023,1,January
10580,CUST-030,PROD-004,1/25/2023 3:00,6,0.1,1811.86,Customer_30,West,7/26/2020,Office,335.53,1811.862,2023,1,January
10581,CUST-012,PROD-003,1/25/2023 4:00,4,0.2,,Customer_12,East,3/22/2020,Office,159.36,509.952,2023,1,January
10582,CUST-028,PROD-015,1/25/2023 5:00,9,0.1,2199.56,Customer_28,East,7/12/2020,Furniture,271.55,2199.555,2023,1,January
10583,CUST-014,PROD-007,1/25/2023 6:00,3,0.05,400.4,Customer_14,North,4/5/2020,Furniture,140.49,400.3965,2023,1,January
10584,CUST-046,PROD-003,1/25/2023 7:00,8,0.1,,Customer_46,North,11/15/2020,Office,159.36,1147.392,2023,1,January
10585,CUST-052,PROD-012,1/25/2023 8:00,6,0,2818.86,Customer_52,North,12/27/2020,Furniture,469.81,2818.86,2023,1,January
10586,CUST-027,PROD-008,1/25/2023 9:00,5,0.2,753.2,Customer_27,South,7/5/2020,Electronics,188.3,753.2,2023,1,January
10587,CUST-046,PROD-007,1/25/2023 10:00,8,0.1,1011.53,Customer_46,North,11/15/2020,Furniture,140.49,1011.528,2023,1,January
10588,CUST-099,PROD-013,1/25/2023 11:00,9,0,2312.46,Customer_99,East,11/21/2021,Clothing,256.94,2312.46,2023,1,January
10589,CUST-026,PROD-006,1/25/2023 12:00,9,0.2,825.55,Customer_26,West,6/28/2020,Electronics,114.66,825.552,2023,1,January
10590,CUST-027,PROD-018,1/25/2023 13:00,1,0.05,370.86,Customer_27,South,7/5/2020,Furniture,390.38,370.861,2023,1,January
10591,CUST-017,PROD-018,1/25/2023 14:00,2,0,780.76,Customer_17,East,4/26/2020,Furniture,390.38,780.76,2023,1,January
10592,CUST-082,PROD-005,1/25/2023 15:00,2,0,498.96,Customer_82,South,7/25/2021,Clothing,249.48,498.96,2023,1,January
10593,CUST-055,PROD-015,1/25/2023 16:00,7,0.1,1710.76,Customer_55,West,1/17/2021,Furniture,271.55,1710.765,2023,1,January
10594,CUST-051,PROD-017,1/25/2023 17:00,1,0,26.24,Customer_51,Midwest,12/20/2020,Electronics,26.24,26.24,2023,1,January
10595,CUST-076,PROD-005,1/25/2023 18:00,8,0.05,1896.05,Customer_76,East,6/13/2021,Clothing,249.48,1896.048,2023,1,January
10596,CUST-030,PROD-020,1/25/2023 19:00,1,0.05,130.51,Customer_30,West,7/26/2020,Electronics,137.38,130.511,2023,1,January
10597,CUST-063,PROD-010,1/25/2023 20:00,8,0.1,419.11,Customer_63,West,3/14/2021,Clothing,58.21,419.112,2023,1,January
10598,CUST-072,PROD-002,1/25/2023 21:00,1,0.05,374.98,Customer_72,South,5/16/2021,Clothing,394.72,374.984,2023,1,January
10599,CUST-067,PROD-008,1/25/2023 22:00,8,0.2,1205.12,Customer_67,Midwest,4/11/2021,Electronics,188.3,1205.12,2023,1,January
10600,CUST-999,PROD-006,1/25/2023 23:00,8,0.1,825.55,,,,Electronics,114.66,825.552,2023,1,January
10601,CUST-021,PROD-020,1/26/2023 0:00,3,0,412.14,Customer_21,West,5/24/2020,Electronics,137.38,412.14,2023,1,January
10602,CUST-067,PROD-009,1/26/2023 1:00,3,0.1,899.56,Customer_67,Midwest,4/11/2021,Furniture,333.17,899.559,2023,1,January
10603,CUST-059,PROD-017,1/26/2023 2:00,6,0.2,125.95,Customer_59,South,2/14/2021,Electronics,26.24,125.952,2023,1,January
10604,CUST-050,PROD-016,1/26/2023 3:00,7,0.1,2695.2,Customer_50,East,12/13/2020,Furniture,427.81,2695.203,2023,1,January
10605,CUST-048,PROD-008,1/26/2023 4:00,4,0.05,715.54,Customer_48,Midwest,11/29/2020,Electronics,188.3,715.54,2023,1,January
10606,CUST-079,PROD-001,1/26/2023 5:00,4,0.1,605.77,Customer_79,East,7/4/2021,Clothing,168.27,605.772,2023,1,January
10607,CUST-040,PROD-008,1/26/2023 6:00,4,0.1,677.88,Customer_40,North,10/4/2020,Electronics,188.3,677.88,2023,1,January
10608,CUST-062,PROD-015,1/26/2023 7:00,2,0.1,488.79,Customer_62,Midwest,3/7/2021,Furniture,271.55,488.79,2023,1,January
10609,CUST-072,PROD-012,1/26/2023 8:00,5,0.2,1879.24,Customer_72,South,5/16/2021,Furniture,469.81,1879.24,2023,1,January
10610,CUST-081,PROD-013,1/26/2023 9:00,1,0,256.94,Customer_81,North,7/18/2021,Clothing,256.94,256.94,2023,1,January
10611,CUST-085,PROD-012,1/26/2023 10:00,6,0,2818.86,Customer_85,West,8/15/2021,Furniture,469.81,2818.86,2023,1,January
10612,CUST-056,PROD-008,1/26/2023 11:00,6,0.2,903.84,Customer_56,East,1/24/2021,Electronics,188.3,903.84,2023,1,January
10613,CUST-027,PROD-009,1/26/2023 12:00,3,0.1,899.56,Customer_27,South,7/5/2020,Furniture,333.17,899.559,2023,1,January
10614,CUST-022,PROD-019,1/26/2023 13:00,7,0.1,1220.12,Customer_22,North,5/31/2020,Electronics,193.67,1220.121,2023,1,January
10615,CUST-084,PROD-012,1/26/2023 14:00,4,0.05,1785.28,Customer_84,East,8/8/2021,Furniture,469.81,1785.278,2023,1,January
10616,CUST-088,PROD-009,1/26/2023 15:00,9,0,2998.53,Customer_88,Midwest,9/5/2021,Furniture,333.17,2998.53,2023,1,January
10617,CUST-050,PROD-016,1/26/2023 16:00,3,0.2,1026.74,Customer_50,East,12/13/2020,Furniture,427.81,1026.744,2023,1,January
10618,CUST-012,PROD-010,1/26/2023 17:00,2,0.2,93.14,Customer_12,East,3/22/2020,Clothing,58.21,93.136,2023,1,January
10619,CUST-032,PROD-003,1/26/2023 18:00,6,0,956.16,Customer_32,Midwest,8/9/2020,Office,159.36,956.16,2023,1,January
10620,CUST-050,PROD-003,1/26/2023 19:00,7,0.1,1003.97,Customer_50,East,12/13/2020,Office,159.36,1003.968,2023,1,January
10621,CUST-006,PROD-001,1/26/2023 20:00,3,0,504.81,Customer_6,West,2/9/2020,Clothing,168.27,504.81,2023,1,January
10622,CUST-069,PROD-020,1/26/2023 21:00,7,0.2,769.33,Customer_69,South,4/25/2021,Electronics,137.38,769.328,2023,1,January
10623,CUST-097,PROD-009,1/26/2023 22:00,1,0.05,316.51,Customer_97,North,11/7/2021,Furniture,333.17,316.5115,2023,1,January
10624,CUST-078,PROD-009,1/26/2023 23:00,8,0.1,2398.82,Customer_78,North,6/27/2021,Furniture,333.17,2398.824,2023,1,January
10625,CUST-030,PROD-020,1/27/2023 0:00,9,0.2,989.14,Customer_30,West,7/26/2020,Electronics,137.38,989.136,2023,1,January
10626,CUST-022,PROD-010,1/24/2033 1:00,-4,0,-232.84,Customer_22,North,5/31/2020,Clothing,58.21,-232.84,2033,1,January
10627,CUST-031,PROD-008,1/27/2023 2:00,3,0,564.9,Customer_31,East,8/2/2020,Electronics,188.3,564.9,2023,1,January
10628,CUST-003,PROD-014,1/27/2023 3:00,5,0.2,758.76,Customer_3,East,1/19/2020,Office,189.69,758.76,2023,1,January
10629,CUST-047,PROD-010,1/27/2023 4:00,1,0.1,52.39,Customer_47,North,11/22/2020,Clothing,58.21,52.389,2023,1,January
10630,CUST-082,PROD-012,1/27/2023 5:00,2,0.1,845.66,Customer_82,South,7/25/2021,Furniture,469.81,845.658,2023,1,January
10631,CUST-021,PROD-008,1/27/2023 6:00,4,0.05,715.54,Customer_21,West,5/24/2020,Electronics,188.3,715.54,2023,1,January
10632,CUST-046,PROD-008,1/27/2023 7:00,4,0.05,715.54,Customer_46,North,11/15/2020,Electronics,188.3,715.54,2023,1,January
10633,CUST-090,PROD-011,1/27/2023 8:00,3,0.05,797.46,Customer_90,Midwest,9/19/2021,Clothing,279.81,797.4585,2023,1,January
10634,CUST-004,PROD-014,1/27/2023 9:00,1,0,189.69,Customer_4,South,1/26/2020,Office,189.69,189.69,2023,1,January
10635,CUST-017,PROD-005,1/27/2023 10:00,6,0.2,1197.5,Customer_17,East,4/26/2020,Clothing,249.48,1197.504,2023,1,January
10636,CUST-097,PROD-018,1/27/2023 11:00,4,0.05,1483.44,Customer_97,North,11/7/2021,Furniture,390.38,1483.444,2023,1,January
10637,CUST-019,PROD-009,1/27/2023 12:00,4,0.05,1266.05,Customer_19,South,5/10/2020,Furniture,333.17,1266.046,2023,1,January
10638,CUST-043,PROD-019,1/27/2023 13:00,3,0.2,464.81,Customer_43,Midwest,10/25/2020,Electronics,193.67,464.808,2023,1,January
10639,CUST-053,PROD-002,1/27/2023 14:00,6,0.1,2131.49,Customer_53,North,1/3/2021,Clothing,394.72,2131.488,2023,1,January
10640,CUST-093,PROD-007,1/27/2023 15:00,1,0.05,133.47,Customer_93,North,10/10/2021,Furniture,140.49,133.4655,2023,1,January
10641,CUST-068,PROD-012,1/27/2023 16:00,8,0.2,3006.78,Customer_68,North,4/18/2021,Furniture,469.81,3006.784,2023,1,January
10642,CUST-082,PROD-011,1/27/2023 17:00,4,0.1,,Customer_82,South,7/25/2021,Clothing,279.81,1007.316,2023,1,January
10643,CUST-037,PROD-015,1/27/2023 18:00,2,0.1,488.79,Customer_37,East,9/13/2020,Furniture,271.55,488.79,2023,1,January
10644,CUST-069,PROD-016,1/27/2023 19:00,7,0.05,2844.94,Customer_69,South,4/25/2021,Furniture,427.81,2844.9365,2023,1,January
10645,CUST-048,PROD-015,1/27/2023 20:00,9,0.1,2199.56,Customer_48,Midwest,11/29/2020,Furniture,271.55,2199.555,2023,1,January
10646,CUST-018,PROD-003,1/27/2023 21:00,8,0.1,1147.39,Customer_18,South,5/3/2020,Office,159.36,1147.392,2023,1,January
10647,CUST-045,PROD-008,1/27/2023 22:00,7,0,1318.1,Customer_45,East,11/8/2020,Electronics,188.3,1318.1,2023,1,January
10648,CUST-038,PROD-009,1/27/2023 23:00,6,0.2,1599.22,Customer_38,East,9/20/2020,Furniture,333.17,1599.216,2023,1,January
10649,CUST-057,PROD-017,1/28/2023 0:00,8,0.05,199.42,Customer_57,Midwest,1/31/2021,Electronics,26.24,199.424,2023,1,January
10650,CUST-090,PROD-004,1/28/2023 1:00,8,0.1,2415.82,Customer_90,Midwest,9/19/2021,Office,335.53,2415.816,2023,1,January
10651,CUST-018,PROD-018,1/28/2023 2:00,4,0.1,1405.37,Customer_18,South,5/3/2020,Furniture,390.38,1405.368,2023,1,January
10652,CUST-007,PROD-005,1/28/2023 3:00,7,0.1,1571.72,Customer_7,North,2/16/2020,Clothing,249.48,1571.724,2023,1,January
10653,CUST-999,PROD-020,1/28/2023 4:00,1,0.1,123.64,,,,Electronics,137.38,123.642,2023,1,January
10654,CUST-020,PROD-020,1/28/2023 5:00,3,0,412.14,Customer_20,Midwest,5/17/2020,Electronics,137.38,412.14,2023,1,January
10655,CUST-030,PROD-016,1/28/2023 6:00,4,0.05,1625.68,Customer_30,West,7/26/2020,Furniture,427.81,1625.678,2023,1,January
10656,CUST-071,PROD-004,1/28/2023 7:00,9,0,3019.77,Customer_71,Midwest,5/9/2021,Office,335.53,3019.77,2023,1,January
10657,CUST-092,PROD-020,1/28/2023 8:00,8,0.1,989.14,Customer_92,West,10/3/2021,Electronics,137.38,989.136,2023,1,January
10658,CUST-046,PROD-016,1/28/2023 9:00,7,0.2,2395.74,Customer_46,North,11/15/2020,Furniture,427.81,2395.736,2023,1,January
10659,CUST-007,PROD-016,1/28/2023 10:00,8,0.2,2737.98,Customer_7,North,2/16/2020,Furniture,427.81,2737.984,2023,1,January
10660,CUST-080,PROD-003,1/28/2023 11:00,9,0.1,1290.82,Customer_80,North,7/11/2021,Office,159.36,1290.816,2023,1,January
10661,CUST-080,PROD-016,1/28/2023 12:00,9,0.1,3465.26,Customer_80,North,7/11/2021,Furniture,427.81,3465.261,2023,1,January
10662,CUST-004,PROD-017,1/28/2023 13:00,5,0.05,124.64,Customer_4,South,1/26/2020,Electronics,26.24,124.64,2023,1,January
10663,CUST-057,PROD-001,1/28/2023 14:00,7,0.1,1060.1,Customer_57,Midwest,1/31/2021,Clothing,168.27,1060.101,2023,1,January
10664,CUST-023,PROD-012,1/28/2023 15:00,0,0.2,0,Customer_23,South,6/7/2020,Furniture,469.81,0,2023,1,January
10665,CUST-013,PROD-019,1/28/2023 16:00,5,0,968.35,Customer_13,South,3/29/2020,Electronics,193.67,968.35,2023,1,January
10666,CUST-059,PROD-006,1/28/2023 17:00,2,0.1,206.39,Customer_59,South,2/14/2021,Electronics,114.66,206.388,2023,1,January
10667,CUST-012,PROD-003,1/28/2023 18:00,4,0,637.44,Customer_12,East,3/22/2020,Office,159.36,637.44,2023,1,January
10668,CUST-047,PROD-001,1/28/2023 19:00,4,0,673.08,Customer_47,North,11/22/2020,Clothing,168.27,673.08,2023,1,January
10669,CUST-076,PROD-017,1/28/2023 20:00,5,0.2,104.96,Customer_76,East,6/13/2021,Electronics,26.24,104.96,2023,1,January
10670,CUST-048,PROD-005,1/28/2023 21:00,8,0,1995.84,Customer_48,Midwest,11/29/2020,Clothing,249.48,1995.84,2023,1,January
10671,CUST-016,PROD-009,1/28/2023 22:00,7,0.1,,Customer_16,South,4/19/2020,Furniture,333.17,2098.971,2023,1,January
10672,CUST-025,PROD-005,1/28/2023 23:00,4,0,997.92,Customer_25,East,6/21/2020,Clothing,249.48,997.92,2023,1,January
10673,CUST-035,PROD-016,1/29/2023 0:00,2,0.2,684.5,Customer_35,North,8/30/2020,Furniture,427.81,684.496,2023,1,January
10674,CUST-007,PROD-010,1/29/2023 1:00,7,0,407.47,Customer_7,North,2/16/2020,Clothing,58.21,407.47,2023,1,January
10675,CUST-053,PROD-006,1/29/2023 2:00,9,0.05,980.34,Customer_53,North,1/3/2021,Electronics,114.66,980.343,2023,1,January
10676,CUST-006,PROD-016,1/29/2023 3:00,2,0.2,684.5,Customer_6,West,2/9/2020,Furniture,427.81,684.496,2023,1,January
10677,CUST-031,PROD-016,1/29/2023 4:00,9,0.1,3465.26,Customer_31,East,8/2/2020,Furniture,427.81,3465.261,2023,1,January
10678,CUST-095,PROD-010,1/29/2023 5:00,7,0.1,366.72,Customer_95,Midwest,10/24/2021,Clothing,58.21,366.723,2023,1,January
10679,CUST-012,PROD-008,1/29/2023 6:00,1,0.05,178.88,Customer_12,East,3/22/2020,Electronics,188.3,178.885,2023,1,January
10680,CUST-079,PROD-016,1/29/2023 7:00,4,0,1711.24,Customer_79,East,7/4/2021,Furniture,427.81,1711.24,2023,1,January
10681,CUST-023,PROD-018,1/29/2023 8:00,7,0,2732.66,Customer_23,South,6/7/2020,Furniture,390.38,2732.66,2023,1,January
10682,CUST-011,PROD-013,1/29/2023 9:00,7,0.1,1618.72,Customer_11,West,3/15/2020,Clothing,256.94,1618.722,2023,1,January
10683,CUST-079,PROD-013,1/29/2023 10:00,5,0.1,1156.23,Customer_79,East,7/4/2021,Clothing,256.94,1156.23,2023,1,January
10684,CUST-042,PROD-020,1/29/2023 11:00,6,0.1,741.85,Customer_42,North,10/18/2020,Electronics,137.38,741.852,2023,1,January
10685,CUST-007,PROD-006,1/29/2023 12:00,9,0.05,980.34,Customer_7,North,2/16/2020,Electronics,114.66,980.343,2023,1,January
10686,CUST-028,PROD-020,1/29/2023 13:00,6,0.1,741.85,Customer_28,East,7/12/2020,Electronics,137.38,741.852,2023,1,January
10687,CUST-069,PROD-016,1/29/2023 14:00,9,0.2,,Customer_69,South,4/25/2021,Furniture,427.81,3080.232,2023,1,January
10688,CUST-059,PROD-004,1/29/2023 15:00,-4,0,-1342.12,Customer_59,South,2/14/2021,Office,335.53,-1342.12,2023,1,January
10689,CUST-091,PROD-001,1/29/2023 16:00,7,0.2,942.31,Customer_91,Midwest,9/26/2021,Clothing,168.27,942.312,2023,1,January
10690,CUST-058,PROD-001,1/29/2023 17:00,3,0.05,,Customer_58,East,2/7/2021,Clothing,168.27,479.5695,2023,1,January
10691,CUST-062,PROD-002,1/29/2023 18:00,8,0.05,2999.87,Customer_62,Midwest,3/7/2021,Clothing,394.72,2999.872,2023,1,January
10692,CUST-999,PROD-006,1/29/2023 19:00,8,0.1,825.55,,,,Electronics,114.66,825.552,2023,1,January
10693,CUST-028,PROD-020,1/29/2023 20:00,2,0.05,261.02,Customer_28,East,7/12/2020,Electronics,137.38,261.022,2023,1,January
10694,CUST-049,PROD-006,1/29/2023 21:00,5,0,,Customer_49,West,12/6/2020,Electronics,114.66,573.3,2023,1,January
10695,CUST-031,PROD-011,1/29/2023 22:00,2,0.2,447.7,Customer_31,East,8/2/2020,Clothing,279.81,447.696,2023,1,January
10696,CUST-016,PROD-019,1/29/2023 23:00,4,0.05,735.95,Customer_16,South,4/19/2020,Electronics,193.67,735.946,2023,1,January
10697,CUST-017,PROD-011,1/30/2023 0:00,2,0.05,531.64,Customer_17,East,4/26/2020,Clothing,279.81,531.639,2023,1,January
10698,CUST-999,PROD-002,1/30/2023 1:00,8,0,3157.76,,,,Clothing,394.72,3157.76,2023,1,January
10699,CUST-069,PROD-012,1/30/2023 2:00,6,0,2818.86,Customer_69,South,4/25/2021,Furniture,469.81,2818.86,2023,1,January
10700,CUST-038,PROD-004,1/30/2023 3:00,7,0,2348.71,Customer_38,East,9/20/2020,Office,335.53,2348.71,2023,1,January
10701,CUST-037,PROD-002,1/30/2023 4:00,9,0.05,3374.86,Customer_37,East,9/13/2020,Clothing,394.72,3374.856,2023,1,January
10702,CUST-096,PROD-010,1/30/2023 5:00,8,0.1,419.11,Customer_96,West,10/31/2021,Clothing,58.21,419.112,2023,1,January
10703,CUST-078,PROD-019,1/30/2023 6:00,6,0.2,929.62,Customer_78,North,6/27/2021,Electronics,193.67,929.616,2023,1,January
10704,CUST-089,PROD-002,1/30/2023 7:00,3,0.2,,Customer_89,Midwest,9/12/2021,Clothing,394.72,947.328,2023,1,January
10705,CUST-082,PROD-006,1/30/2023 8:00,8,0.1,825.55,Customer_82,South,7/25/2021,Electronics,114.66,825.552,2023,1,January
10706,CUST-015,PROD-010,1/30/2023 9:00,2,0.05,110.6,Customer_15,East,4/12/2020,Clothing,58.21,110.599,2023,1,January
10707,CUST-092,PROD-008,1/30/2023 10:00,3,0.1,508.41,Customer_92,West,10/3/2021,Electronics,188.3,508.41,2023,1,January
10708,CUST-013,PROD-017,1/30/2023 11:00,9,0.2,188.93,Customer_13,South,3/29/2020,Electronics,26.24,188.928,2023,1,January
10709,CUST-060,PROD-019,1/30/2023 12:00,7,0.2,1084.55,Customer_60,South,2/21/2021,Electronics,193.67,1084.552,2023,1,January
10710,CUST-086,PROD-016,1/30/2023 13:00,0,0.2,0,Customer_86,Midwest,8/22/2021,Furniture,427.81,0,2023,1,January
10711,CUST-031,PROD-012,1/30/2023 14:00,3,0.05,1338.96,Customer_31,East,8/2/2020,Furniture,469.81,1338.9585,2023,1,January
10712,CUST-096,PROD-004,1/30/2023 15:00,3,0.1,905.93,Customer_96,West,10/31/2021,Office,335.53,905.931,2023,1,January
10713,CUST-003,PROD-011,1/30/2023 16:00,3,0,839.43,Customer_3,East,1/19/2020,Clothing,279.81,839.43,2023,1,January
10714,CUST-013,PROD-006,1/30/2023 17:00,3,0.05,326.78,Customer_13,South,3/29/2020,Electronics,114.66,326.781,2023,1,January
10715,CUST-087,PROD-009,1/30/2023 18:00,4,0,1332.68,Customer_87,North,8/29/2021,Furniture,333.17,1332.68,2023,1,January
10716,CUST-063,PROD-008,1/30/2023 19:00,3,0.1,508.41,Customer_63,West,3/14/2021,Electronics,188.3,508.41,2023,1,January
10717,CUST-083,PROD-002,1/30/2023 20:00,2,0.05,,Customer_83,East,8/1/2021,Clothing,394.72,749.968,2023,1,January
10718,CUST-042,PROD-006,1/30/2023 21:00,8,0.1,825.55,Customer_42,North,10/18/2020,Electronics,114.66,825.552,2023,1,January
10719,CUST-012,PROD-009,1/30/2023 22:00,5,0.2,1332.68,Customer_12,East,3/22/2020,Furniture,333.17,1332.68,2023,1,January
10720,CUST-045,PROD-002,1/30/2023 23:00,3,0.1,1065.74,Customer_45,East,11/8/2020,Clothing,394.72,1065.744,2023,1,January
10721,CUST-030,PROD-020,1/31/2023 0:00,2,0.05,261.02,Customer_30,West,7/26/2020,Electronics,137.38,261.022,2023,1,January
10722,CUST-078,PROD-019,1/31/2023 1:00,8,0,1549.36,Customer_78,North,6/27/2021,Electronics,193.67,1549.36,2023,1,January
10723,CUST-036,PROD-010,1/31/2023 2:00,6,0,349.26,Customer_36,West,9/6/2020,Clothing,58.21,349.26,2023,1,January
10724,CUST-095,PROD-011,1/31/2023 3:00,4,0.1,1007.32,Customer_95,Midwest,10/24/2021,Clothing,279.81,1007.316,2023,1,January
10725,CUST-074,PROD-004,1/31/2023 4:00,3,0.2,805.27,Customer_74,South,5/30/2021,Office,335.53,805.272,2023,1,January
10726,CUST-097,PROD-017,1/31/2023 5:00,3,0.2,,Customer_97,North,11/7/2021,Electronics,26.24,62.976,2023,1,January
10727,CUST-999,PROD-005,1/31/2023 6:00,1,0.05,237.01,,,,Clothing,249.48,237.006,2023,1,January
10728,CUST-043,PROD-014,1/31/2023 7:00,3,0.05,540.62,Customer_43,Midwest,10/25/2020,Office,189.69,540.6165,2023,1,January
10729,CUST-010,PROD-019,1/31/2023 8:00,1,0.2,154.94,Customer_10,East,3/8/2020,Electronics,193.67,154.936,2023,1,January
10730,CUST-016,PROD-009,1/31/2023 9:00,8,0.05,2532.09,Customer_16,South,4/19/2020,Furniture,333.17,2532.092,2023,1,January
10731,CUST-071,PROD-002,1/31/2023 10:00,1,0,394.72,Customer_71,Midwest,5/9/2021,Clothing,394.72,394.72,2023,1,January
10732,CUST-006,PROD-012,1/31/2023 11:00,3,0,,Customer_6,West,2/9/2020,Furniture,469.81,1409.43,2023,1,January
10733,CUST-999,PROD-016,1/31/2023 12:00,9,0.1,3465.26,,,,Furniture,427.81,3465.261,2023,1,January
10734,CUST-097,PROD-019,1/31/2023 13:00,4,0.05,735.95,Customer_97,North,11/7/2021,Electronics,193.67,735.946,2023,1,January
10735,CUST-043,PROD-014,1/31/2023 14:00,7,0,1327.83,Customer_43,Midwest,10/25/2020,Office,189.69,1327.83,2023,1,January
10736,CUST-060,PROD-011,1/31/2023 15:00,4,0.2,895.39,Customer_60,South,2/21/2021,Clothing,279.81,895.392,2023,1,January
10737,CUST-024,PROD-018,1/31/2023 16:00,9,0.05,3337.75,Customer_24,South,6/14/2020,Furniture,390.38,3337.749,2023,1,January
10738,CUST-093,PROD-019,1/31/2023 17:00,4,0.05,735.95,Customer_93,North,10/10/2021,Electronics,193.67,735.946,2023,1,January
10739,CUST-090,PROD-009,1/31/2023 18:00,3,0,999.51,Customer_90,Midwest,9/19/2021,Furniture,333.17,999.51,2023,1,January
10740,CUST-056,PROD-015,1/31/2023 19:00,3,0.05,773.92,Customer_56,East,1/24/2021,Furniture,271.55,773.9175,2023,1,January
10741,CUST-035,PROD-005,1/31/2023 20:00,3,0.1,673.6,Customer_35,North,8/30/2020,Clothing,249.48,673.596,2023,1,January
10742,CUST-027,PROD-016,1/31/2023 21:00,7,0.2,2395.74,Customer_27,South,7/5/2020,Furniture,427.81,2395.736,2023,1,January
10743,CUST-087,PROD-001,1/31/2023 22:00,3,0.05,479.57,Customer_87,North,8/29/2021,Clothing,168.27,479.5695,2023,1,January
10744,CUST-066,PROD-018,1/31/2023 23:00,3,0.2,936.91,Customer_66,East,4/4/2021,Furniture,390.38,936.912,2023,1,January
10745,CUST-056,PROD-013,2/1/2023 0:00,5,0.2,1027.76,Customer_56,East,1/24/2021,Clothing,256.94,1027.76,2023,2,February
10746,CUST-029,PROD-006,2/1/2023 1:00,4,0.1,412.78,Customer_29,Midwest,7/19/2020,Electronics,114.66,412.776,2023,2,February
10747,CUST-026,PROD-011,2/1/2023 2:00,3,0,839.43,Customer_26,West,6/28/2020,Clothing,279.81,839.43,2023,2,February
10748,CUST-099,PROD-004,2/1/2023 3:00,4,0.1,1207.91,Customer_99,East,11/21/2021,Office,335.53,1207.908,2023,2,February
10749,CUST-039,PROD-006,2/1/2023 4:00,4,0.1,,Customer_39,South,9/27/2020,Electronics,114.66,412.776,2023,2,February
10750,CUST-004,PROD-011,2/1/2023 5:00,2,0.2,447.7,Customer_4,South,1/26/2020,Clothing,279.81,447.696,2023,2,February
10751,CUST-029,PROD-001,2/1/2023 6:00,7,0,1177.89,Customer_29,Midwest,7/19/2020,Clothing,168.27,1177.89,2023,2,February
10752,CUST-051,PROD-012,2/1/2023 7:00,6,0.2,2255.09,Customer_51,Midwest,12/20/2020,Furniture,469.81,2255.088,2023,2,February
10753,CUST-075,PROD-012,2/1/2023 8:00,0,0.2,,Customer_75,North,6/6/2021,Furniture,469.81,0,2023,2,February
10754,CUST-050,PROD-003,2/1/2023 9:00,4,0,637.44,Customer_50,East,12/13/2020,Office,159.36,637.44,2023,2,February
10755,CUST-048,PROD-018,2/1/2023 10:00,1,0.2,312.3,Customer_48,Midwest,11/29/2020,Furniture,390.38,312.304,2023,2,February
10756,CUST-002,PROD-012,2/1/2023 11:00,3,0.2,1127.54,Customer_2,South,1/12/2020,Furniture,469.81,1127.544,2023,2,February
10757,CUST-098,PROD-003,2/1/2023 12:00,-9,0,-1434.24,Customer_98,Midwest,11/14/2021,Office,159.36,-1434.24,2023,2,February
10758,CUST-024,PROD-002,2/1/2023 13:00,7,0.05,2624.89,Customer_24,South,6/14/2020,Clothing,394.72,2624.888,2023,2,February
10759,CUST-096,PROD-012,2/1/2023 14:00,1000,0.1,422829,Customer_96,West,10/31/2021,Furniture,469.81,422829,2023,2,February
10760,CUST-028,PROD-004,2/1/2023 15:00,1,0.1,301.98,Customer_28,East,7/12/2020,Office,335.53,301.977,2023,2,February
10761,CUST-038,PROD-005,2/1/2023 16:00,2,0,498.96,Customer_38,East,9/20/2020,Clothing,249.48,498.96,2023,2,February
10762,CUST-055,PROD-001,2/1/2023 17:00,2,0,336.54,Customer_55,West,1/17/2021,Clothing,168.27,336.54,2023,2,February
10763,CUST-062,PROD-006,2/1/2023 18:00,6,0.05,653.56,Customer_62,Midwest,3/7/2021,Electronics,114.66,653.562,2023,2,February
10764,CUST-082,PROD-020,2/1/2023 19:00,-6,0.2,-659.42,Customer_82,South,7/25/2021,Electronics,137.38,-659.424,2023,2,February
10765,CUST-999,PROD-017,2/1/2023 20:00,3,0.2,62.98,,,,Electronics,26.24,62.976,2023,2,February
10766,CUST-019,PROD-001,2/1/2023 21:00,2,0,336.54,Customer_19,South,5/10/2020,Clothing,168.27,336.54,2023,2,February
10767,CUST-051,PROD-016,2/1/2023 22:00,2,0.1,770.06,Customer_51,Midwest,12/20/2020,Furniture,427.81,770.058,2023,2,February
10768,CUST-086,PROD-008,2/1/2023 23:00,3,0.2,451.92,Customer_86,Midwest,8/22/2021,Electronics,188.3,451.92,2023,2,February
10769,CUST-009,PROD-016,2/2/2023 0:00,1,0.05,406.42,Customer_9,West,3/1/2020,Furniture,427.81,406.4195,2023,2,February
10770,CUST-064,PROD-008,2/2/2023 1:00,9,0.05,1609.96,Customer_64,North,3/21/2021,Electronics,188.3,1609.965,2023,2,February
10771,CUST-078,PROD-020,2/2/2023 2:00,5,0.2,,Customer_78,North,6/27/2021,Electronics,137.38,549.52,2023,2,February
10772,CUST-033,PROD-005,2/2/2023 3:00,6,0.05,1422.04,Customer_33,South,8/16/2020,Clothing,249.48,1422.036,2023,2,February
10773,CUST-010,PROD-017,2/2/2023 4:00,4,0.1,94.46,Customer_10,East,3/8/2020,Electronics,26.24,94.464,2023,2,February
10774,CUST-008,PROD-012,2/2/2023 4:00,9,0.1,3805.46,Customer_8,South,2/23/2020,Furniture,469.81,3805.461,2023,2,February
10775,CUST-053,PROD-006,2/2/2023 6:00,9,0.1,928.75,Customer_53,North,1/3/2021,Electronics,114.66,928.746,2023,2,February
10776,CUST-039,PROD-012,2/2/2023 7:00,8,0.1,3382.63,Customer_39,South,9/27/2020,Furniture,469.81,3382.632,2023,2,February
10777,CUST-052,PROD-001,2/2/2023 8:00,1,0.2,,Customer_52,North,12/27/2020,Clothing,168.27,134.616,2023,2,February
10778,CUST-016,PROD-005,2/2/2023 9:00,6,0.1,1347.19,Customer_16,South,4/19/2020,Clothing,249.48,1347.192,2023,2,February
10779,CUST-062,PROD-006,2/2/2023 10:00,2,0,229.32,Customer_62,Midwest,3/7/2021,Electronics,114.66,229.32,2023,2,February
10780,CUST-097,PROD-008,2/2/2023 11:00,8,0.2,1205.12,Customer_97,North,11/7/2021,Electronics,188.3,1205.12,2023,2,February
10781,CUST-043,PROD-003,2/2/2023 12:00,2,0.2,254.98,Customer_43,Midwest,10/25/2020,Office,159.36,254.976,2023,2,February
10782,CUST-014,PROD-004,2/2/2023 13:00,6,0.2,1610.54,Customer_14,North,4/5/2020,Office,335.53,1610.544,2023,2,February
10783,CUST-049,PROD-002,2/2/2023 14:00,5,0,1973.6,Customer_49,West,12/6/2020,Clothing,394.72,1973.6,2023,2,February
10784,CUST-999,PROD-001,2/2/2023 15:00,5,0.1,757.22,,,,Clothing,168.27,757.215,2023,2,February
10785,CUST-097,PROD-019,2/2/2023 16:00,8,0.05,1471.89,Customer_97,North,11/7/2021,Electronics,193.67,1471.892,2023,2,February
10786,CUST-081,PROD-019,1/30/2033 17:00,4,0.1,697.21,Customer_81,North,7/18/2021,Electronics,193.67,697.212,2033,1,January
10787,CUST-083,PROD-010,2/2/2023 18:00,4,0.05,221.2,Customer_83,East,8/1/2021,Clothing,58.21,221.198,2023,2,February
10788,CUST-033,PROD-017,2/2/2023 19:00,7,0.05,,Customer_33,South,8/16/2020,Electronics,26.24,174.496,2023,2,February
10789,CUST-057,PROD-017,2/2/2023 19:00,8,0.1,188.93,Customer_57,Midwest,1/31/2021,Electronics,26.24,188.928,2023,2,February
10790,CUST-089,PROD-019,2/2/2023 21:00,2,0.05,367.97,Customer_89,Midwest,9/12/2021,Electronics,193.67,367.973,2023,2,February
10791,CUST-040,PROD-018,2/2/2023 22:00,3,0,1171.14,Customer_40,North,10/4/2020,Furniture,390.38,1171.14,2023,2,February
10792,CUST-013,PROD-018,2/2/2023 23:00,8,0.05,2966.89,Customer_13,South,3/29/2020,Furniture,390.38,2966.888,2023,2,February
10793,CUST-020,PROD-010,2/3/2023 0:00,3,0.05,,Customer_20,Midwest,5/17/2020,Clothing,58.21,165.8985,2023,2,February
10794,CUST-083,PROD-003,2/3/2023 1:00,4,0,637.44,Customer_83,East,8/1/2021,Office,159.36,637.44,2023,2,February
10795,CUST-057,PROD-020,2/3/2023 2:00,2,0.2,219.81,Customer_57,Midwest,1/31/2021,Electronics,137.38,219.808,2023,2,February
10796,CUST-021,PROD-020,2/3/2023 3:00,9,0.2,989.14,Customer_21,West,5/24/2020,Electronics,137.38,989.136,2023,2,February
10797,CUST-061,PROD-005,2/3/2023 4:00,3,0.2,598.75,Customer_61,East,2/28/2021,Clothing,249.48,598.752,2023,2,February
10798,CUST-096,PROD-003,2/3/2023 5:00,4,0,637.44,Customer_96,West,10/31/2021,Office,159.36,637.44,2023,2,February
10799,CUST-024,PROD-018,2/3/2023 6:00,2,0.1,702.68,Customer_24,South,6/14/2020,Furniture,390.38,702.684,2023,2,February
10800,CUST-058,PROD-015,2/3/2023 7:00,4,0,,Customer_58,East,2/7/2021,Furniture,271.55,1086.2,2023,2,February
10801,CUST-092,PROD-001,2/3/2023 8:00,6,0,1009.62,Customer_92,West,10/3/2021,Clothing,168.27,1009.62,2023,2,February
10802,CUST-999,PROD-001,2/3/2023 9:00,4,0.2,538.46,,,,Clothing,168.27,538.464,2023,2,February
10803,CUST-021,PROD-013,2/3/2023 10:00,9,0.05,,Customer_21,West,5/24/2020,Clothing,256.94,2196.837,2023,2,February
10804,CUST-041,PROD-009,2/3/2023 11:00,9,0.1,2698.68,Customer_41,Midwest,10/11/2020,Furniture,333.17,2698.677,2023,2,February
10805,CUST-099,PROD-006,2/3/2023 12:00,2,0.2,183.46,Customer_99,East,11/21/2021,Electronics,114.66,183.456,2023,2,February
10806,CUST-082,PROD-002,2/3/2023 13:00,1,0.05,374.98,Customer_82,South,7/25/2021,Clothing,394.72,374.984,2023,2,February
10807,CUST-053,PROD-015,2/3/2023 14:00,6,0,1629.3,Customer_53,North,1/3/2021,Furniture,271.55,1629.3,2023,2,February
10808,CUST-091,PROD-016,2/3/2023 15:00,8,0.05,3251.36,Customer_91,Midwest,9/26/2021,Furniture,427.81,3251.356,2023,2,February
10809,CUST-054,PROD-020,2/3/2023 16:00,4,0,549.52,Customer_54,North,1/10/2021,Electronics,137.38,549.52,2023,2,February
10810,CUST-034,PROD-013,2/3/2023 17:00,7,0.2,1438.86,Customer_34,South,8/23/2020,Clothing,256.94,1438.864,2023,2,February
10811,CUST-081,PROD-008,2/3/2023 18:00,5,0,941.5,Customer_81,North,7/18/2021,Electronics,188.3,941.5,2023,2,February
10812,CUST-049,PROD-009,2/3/2023 19:00,4,0,1332.68,Customer_49,West,12/6/2020,Furniture,333.17,1332.68,2023,2,February
10813,CUST-012,PROD-019,2/3/2023 20:00,5,0.1,871.52,Customer_12,East,3/22/2020,Electronics,193.67,871.515,2023,2,February
10814,CUST-079,PROD-005,2/3/2023 21:00,3,0.05,711.02,Customer_79,East,7/4/2021,Clothing,249.48,711.018,2023,2,February
10815,CUST-094,PROD-006,2/3/2023 22:00,9,0.2,825.55,Customer_94,North,10/17/2021,Electronics,114.66,825.552,2023,2,February
10816,CUST-016,PROD-018,2/3/2023 23:00,1,0.05,370.86,Customer_16,South,4/19/2020,Furniture,390.38,370.861,2023,2,February
10817,CUST-082,PROD-020,2/4/2023 0:00,7,0.2,769.33,Customer_82,South,7/25/2021,Electronics,137.38,769.328,2023,2,February
10818,CUST-064,PROD-018,2/4/2023 1:00,1000,0.1,351342,Customer_64,North,3/21/2021,Furniture,390.38,351342,2023,2,February
10819,CUST-076,PROD-015,2/4/2023 2:00,6,0,1629.3,Customer_76,East,6/13/2021,Furniture,271.55,1629.3,2023,2,February
10820,CUST-038,PROD-013,2/4/2023 3:00,4,0,1027.76,Customer_38,East,9/20/2020,Clothing,256.94,1027.76,2023,2,February
10821,CUST-999,PROD-006,2/4/2023 4:00,5,0.1,,,,,Electronics,114.66,515.97,2023,2,February
10822,CUST-036,PROD-001,2/4/2023 5:00,5,0.05,799.28,Customer_36,West,9/6/2020,Clothing,168.27,799.2825,2023,2,February
10823,CUST-099,PROD-001,2/4/2023 6:00,8,0.2,1076.93,Customer_99,East,11/21/2021,Clothing,168.27,1076.928,2023,2,February
10824,CUST-054,PROD-011,2/4/2023 7:00,5,0.2,,Customer_54,North,1/10/2021,Clothing,279.81,1119.24,2023,2,February
10825,CUST-013,PROD-001,2/4/2023 8:00,8,0.1,1211.54,Customer_13,South,3/29/2020,Clothing,168.27,1211.544,2023,2,February
10826,CUST-090,PROD-007,2/4/2023 9:00,1,0.2,112.39,Customer_90,Midwest,9/19/2021,Furniture,140.49,112.392,2023,2,February
10827,CUST-070,PROD-002,2/4/2023 10:00,3,0.1,1065.74,Customer_70,East,5/2/2021,Clothing,394.72,1065.744,2023,2,February
10828,CUST-035,PROD-007,2/4/2023 11:00,8,0,1123.92,Customer_35,North,8/30/2020,Furniture,140.49,1123.92,2023,2,February
10829,CUST-055,PROD-012,2/4/2023 12:00,3,0.1,1268.49,Customer_55,West,1/17/2021,Furniture,469.81,1268.487,2023,2,February
10830,CUST-075,PROD-016,2/4/2023 13:00,3,0.2,1026.74,Customer_75,North,6/6/2021,Furniture,427.81,1026.744,2023,2,February
10831,CUST-029,PROD-003,2/4/2023 14:00,3,0.1,430.27,Customer_29,Midwest,7/19/2020,Office,159.36,430.272,2023,2,February
10832,CUST-065,PROD-003,2/4/2023 15:00,2,0.2,254.98,Customer_65,South,3/28/2021,Office,159.36,254.976,2023,2,February
10833,CUST-066,PROD-004,2/4/2023 16:00,1,0,335.53,Customer_66,East,4/4/2021,Office,335.53,335.53,2023,2,February
10834,CUST-057,PROD-003,2/4/2023 17:00,7,0.1,1003.97,Customer_57,Midwest,1/31/2021,Office,159.36,1003.968,2023,2,February
10835,CUST-042,PROD-006,2/4/2023 18:00,9,0,1031.94,Customer_42,North,10/18/2020,Electronics,114.66,1031.94,2023,2,February
10836,CUST-042,PROD-002,2/4/2023 19:00,7,0.05,2624.89,Customer_42,North,10/18/2020,Clothing,394.72,2624.888,2023,2,February
10837,CUST-065,PROD-016,2/4/2023 20:00,7,0.1,2695.2,Customer_65,South,3/28/2021,Furniture,427.81,2695.203,2023,2,February
10838,CUST-054,PROD-005,2/4/2023 21:00,6,0.05,1422.04,Customer_54,North,1/10/2021,Clothing,249.48,1422.036,2023,2,February
10839,CUST-043,PROD-010,2/4/2023 22:00,9,0.1,471.5,Customer_43,Midwest,10/25/2020,Clothing,58.21,471.501,2023,2,February
10840,CUST-064,PROD-014,2/4/2023 23:00,2,0.2,303.5,Customer_64,North,3/21/2021,Office,189.69,303.504,2023,2,February
10841,CUST-052,PROD-003,2/5/2023 0:00,9,0,1434.24,Customer_52,North,12/27/2020,Office,159.36,1434.24,2023,2,February
10842,CUST-028,PROD-014,2/5/2023 1:00,6,0.2,910.51,Customer_28,East,7/12/2020,Office,189.69,910.512,2023,2,February
10843,CUST-088,PROD-020,2/5/2023 2:00,5,0.2,549.52,Customer_88,Midwest,9/5/2021,Electronics,137.38,549.52,2023,2,February
10844,CUST-032,PROD-016,2/5/2023 3:00,2,0.2,684.5,Customer_32,Midwest,8/9/2020,Furniture,427.81,684.496,2023,2,February
10845,CUST-057,PROD-006,2/5/2023 4:00,8,0.05,871.42,Customer_57,Midwest,1/31/2021,Electronics,114.66,871.416,2023,2,February
10846,CUST-041,PROD-002,2/5/2023 5:00,9,0.1,3197.23,Customer_41,Midwest,10/11/2020,Clothing,394.72,3197.232,2023,2,February
10847,CUST-083,PROD-003,2/5/2023 6:00,1,0.2,127.49,Customer_83,East,8/1/2021,Office,159.36,127.488,2023,2,February
10848,CUST-049,PROD-006,2/5/2023 7:00,1,0.2,91.73,Customer_49,West,12/6/2020,Electronics,114.66,91.728,2023,2,February
10849,CUST-016,PROD-003,2/5/2023 8:00,4,0.2,509.95,Customer_16,South,4/19/2020,Office,159.36,509.952,2023,2,February
10850,CUST-003,PROD-006,2/5/2023 9:00,1,0.1,103.19,Customer_3,East,1/19/2020,Electronics,114.66,103.194,2023,2,February
10851,CUST-067,PROD-012,2/5/2023 10:00,0,0.05,0,Customer_67,Midwest,4/11/2021,Furniture,469.81,0,2023,2,February
10852,CUST-045,PROD-002,2/5/2023 11:00,3,0.1,1065.74,Customer_45,East,11/8/2020,Clothing,394.72,1065.744,2023,2,February
10853,CUST-038,PROD-005,2/5/2023 12:00,9,0.2,1796.26,Customer_38,East,9/20/2020,Clothing,249.48,1796.256,2023,2,February
10854,CUST-027,PROD-012,2/5/2023 13:00,5,0.2,1879.24,Customer_27,South,7/5/2020,Furniture,469.81,1879.24,2023,2,February
10855,CUST-069,PROD-019,2/5/2023 14:00,3,0.1,522.91,Customer_69,South,4/25/2021,Electronics,193.67,522.909,2023,2,February
10856,CUST-010,PROD-008,2/5/2023 15:00,2,0,376.6,Customer_10,East,3/8/2020,Electronics,188.3,376.6,2023,2,February
10857,CUST-070,PROD-009,2/5/2023 16:00,2,0,666.34,Customer_70,East,5/2/2021,Furniture,333.17,666.34,2023,2,February
10858,CUST-097,PROD-007,2/5/2023 17:00,9,0.1,1137.97,Customer_97,North,11/7/2021,Furniture,140.49,1137.969,2023,2,February
10859,CUST-053,PROD-020,2/5/2023 18:00,4,0.1,494.57,Customer_53,North,1/3/2021,Electronics,137.38,494.568,2023,2,February
10860,CUST-006,PROD-003,2/5/2023 19:00,9,0,1434.24,Customer_6,West,2/9/2020,Office,159.36,1434.24,2023,2,February
10861,CUST-062,PROD-014,2/5/2023 20:00,2,0.2,303.5,Customer_62,Midwest,3/7/2021,Office,189.69,303.504,2023,2,February
10862,CUST-027,PROD-013,2/5/2023 21:00,5,0.1,1156.23,Customer_27,South,7/5/2020,Clothing,256.94,1156.23,2023,2,February
10863,CUST-014,PROD-018,2/5/2023 22:00,5,0.2,1561.52,Customer_14,North,4/5/2020,Furniture,390.38,1561.52,2023,2,February
10864,CUST-032,PROD-007,2/5/2023 23:00,6,0.1,758.65,Customer_32,Midwest,8/9/2020,Furniture,140.49,758.646,2023,2,February
10865,CUST-069,PROD-018,2/6/2023 0:00,4,0.05,1483.44,Customer_69,South,4/25/2021,Furniture,390.38,1483.444,2023,2,February
10866,CUST-013,PROD-008,2/6/2023 1:00,2,0.1,338.94,Customer_13,South,3/29/2020,Electronics,188.3,338.94,2023,2,February
10867,CUST-065,PROD-010,2/6/2023 2:00,4,0.1,209.56,Customer_65,South,3/28/2021,Clothing,58.21,209.556,2023,2,February
10868,CUST-078,PROD-004,2/6/2023 3:00,4,0.2,1073.7,Customer_78,North,6/27/2021,Office,335.53,1073.696,2023,2,February
10869,CUST-007,PROD-020,2/6/2023 4:00,8,0,1099.04,Customer_7,North,2/16/2020,Electronics,137.38,1099.04,2023,2,February
10870,CUST-048,PROD-013,2/6/2023 5:00,4,0.1,924.98,Customer_48,Midwest,11/29/2020,Clothing,256.94,924.984,2023,2,February
10871,CUST-089,PROD-012,2/6/2023 6:00,2,0.1,845.66,Customer_89,Midwest,9/12/2021,Furniture,469.81,845.658,2023,2,February
10872,CUST-012,PROD-011,2/6/2023 7:00,7,0,1958.67,Customer_12,East,3/22/2020,Clothing,279.81,1958.67,2023,2,February
10873,CUST-021,PROD-007,2/6/2023 8:00,1,0.2,112.39,Customer_21,West,5/24/2020,Furniture,140.49,112.392,2023,2,February
10874,CUST-063,PROD-019,2/6/2023 9:00,2,0,,Customer_63,West,3/14/2021,Electronics,193.67,387.34,2023,2,February
10875,CUST-065,PROD-019,2/6/2023 10:00,1,0,193.67,Customer_65,South,3/28/2021,Electronics,193.67,193.67,2023,2,February
10876,CUST-030,PROD-020,2/6/2023 11:00,3,0,412.14,Customer_30,West,7/26/2020,Electronics,137.38,412.14,2023,2,February
10877,CUST-055,PROD-012,2/6/2023 12:00,2,0.05,892.64,Customer_55,West,1/17/2021,Furniture,469.81,892.639,2023,2,February
10878,CUST-036,PROD-009,2/6/2023 13:00,2,0.05,,Customer_36,West,9/6/2020,Furniture,333.17,633.023,2023,2,February
10879,CUST-093,PROD-002,2/6/2023 14:00,4,0.2,,Customer_93,North,10/10/2021,Clothing,394.72,1263.104,2023,2,February
10880,CUST-098,PROD-003,2/6/2023 15:00,5,0,796.8,Customer_98,Midwest,11/14/2021,Office,159.36,796.8,2023,2,February
10881,CUST-005,PROD-005,2/6/2023 16:00,1,0.05,237.01,Customer_5,West,2/2/2020,Clothing,249.48,237.006,2023,2,February
10882,CUST-055,PROD-009,2/6/2023 17:00,2,0.05,633.02,Customer_55,West,1/17/2021,Furniture,333.17,633.023,2023,2,February
10883,CUST-081,PROD-018,2/6/2023 18:00,3,0.05,,Customer_81,North,7/18/2021,Furniture,390.38,1112.583,2023,2,February
10884,CUST-031,PROD-001,2/6/2023 19:00,8,0.2,1076.93,Customer_31,East,8/2/2020,Clothing,168.27,1076.928,2023,2,February
10885,CUST-054,PROD-020,2/6/2023 20:00,2,0.05,,Customer_54,North,1/10/2021,Electronics,137.38,261.022,2023,2,February
10886,CUST-099,PROD-015,2/6/2023 21:00,8,0.05,2063.78,Customer_99,East,11/21/2021,Furniture,271.55,2063.78,2023,2,February
10887,CUST-099,PROD-011,2/6/2023 22:00,4,0,1119.24,Customer_99,East,11/21/2021,Clothing,279.81,1119.24,2023,2,February
10888,CUST-088,PROD-008,2/6/2023 23:00,9,0.1,1525.23,Customer_88,Midwest,9/5/2021,Electronics,188.3,1525.23,2023,2,February
10889,CUST-083,PROD-005,2/7/2023 0:00,8,0.1,1796.26,Customer_83,East,8/1/2021,Clothing,249.48,1796.256,2023,2,February
10890,CUST-042,PROD-016,2/7/2023 1:00,4,0,1711.24,Customer_42,North,10/18/2020,Furniture,427.81,1711.24,2023,2,February
10891,CUST-037,PROD-020,2/7/2023 2:00,6,0.2,659.42,Customer_37,East,9/13/2020,Electronics,137.38,659.424,2023,2,February
10892,CUST-082,PROD-016,2/7/2023 3:00,1,0,427.81,Customer_82,South,7/25/2021,Furniture,427.81,427.81,2023,2,February
10893,CUST-079,PROD-008,2/7/2023 4:00,5,0.05,894.42,Customer_79,East,7/4/2021,Electronics,188.3,894.425,2023,2,February
10894,CUST-081,PROD-018,2/7/2023 5:00,6,0,2342.28,Customer_81,North,7/18/2021,Furniture,390.38,2342.28,2023,2,February
10895,CUST-075,PROD-002,2/7/2023 6:00,4,0.2,1263.1,Customer_75,North,6/6/2021,Clothing,394.72,1263.104,2023,2,February
10896,CUST-036,PROD-010,2/7/2023 7:00,7,0.05,387.1,Customer_36,West,9/6/2020,Clothing,58.21,387.0965,2023,2,February
10897,CUST-040,PROD-011,2/7/2023 8:00,5,0.2,1119.24,Customer_40,North,10/4/2020,Clothing,279.81,1119.24,2023,2,February
10898,CUST-037,PROD-014,2/7/2023 9:00,4,0.2,607.01,Customer_37,East,9/13/2020,Office,189.69,607.008,2023,2,February
10899,CUST-080,PROD-006,2/7/2023 10:00,5,0.2,458.64,Customer_80,North,7/11/2021,Electronics,114.66,458.64,2023,2,February
10900,CUST-061,PROD-014,2/7/2023 11:00,1,0,189.69,Customer_61,East,2/28/2021,Office,189.69,189.69,2023,2,February
10901,CUST-009,PROD-020,2/7/2023 12:00,8,0.1,989.14,Customer_9,West,3/1/2020,Electronics,137.38,989.136,2023,2,February
10902,CUST-099,PROD-004,2/7/2023 13:00,6,0.2,1610.54,Customer_99,East,11/21/2021,Office,335.53,1610.544,2023,2,February
10903,CUST-100,PROD-002,2/7/2023 14:00,8,0.2,2526.21,Customer_100,East,11/28/2021,Clothing,394.72,2526.208,2023,2,February
10904,CUST-064,PROD-001,2/7/2023 15:00,6,0,1009.62,Customer_64,North,3/21/2021,Clothing,168.27,1009.62,2023,2,February
10905,CUST-039,PROD-009,2/7/2023 16:00,5,0,1665.85,Customer_39,South,9/27/2020,Furniture,333.17,1665.85,2023,2,February
10906,CUST-067,PROD-011,2/7/2023 17:00,2,0.05,531.64,Customer_67,Midwest,4/11/2021,Clothing,279.81,531.639,2023,2,February
10907,CUST-097,PROD-019,2/7/2023 18:00,9,0.2,1394.42,Customer_97,North,11/7/2021,Electronics,193.67,1394.424,2023,2,February
10908,CUST-049,PROD-008,2/7/2023 19:00,3,0.2,451.92,Customer_49,West,12/6/2020,Electronics,188.3,451.92,2023,2,February
10909,CUST-034,PROD-018,2/7/2023 20:00,7,0.05,2596.03,Customer_34,South,8/23/2020,Furniture,390.38,2596.027,2023,2,February
10910,CUST-085,PROD-006,2/7/2023 21:00,6,0,687.96,Customer_85,West,8/15/2021,Electronics,114.66,687.96,2023,2,February
10911,CUST-066,PROD-016,2/7/2023 22:00,9,0.05,3657.78,Customer_66,East,4/4/2021,Furniture,427.81,3657.7755,2023,2,February
10912,CUST-058,PROD-009,2/7/2023 23:00,7,0.05,2215.58,Customer_58,East,2/7/2021,Furniture,333.17,2215.5805,2023,2,February
10913,CUST-094,PROD-002,2/8/2023 0:00,6,0.1,2131.49,Customer_94,North,10/17/2021,Clothing,394.72,2131.488,2023,2,February
10914,CUST-053,PROD-006,2/8/2023 1:00,3,0,343.98,Customer_53,North,1/3/2021,Electronics,114.66,343.98,2023,2,February
10915,CUST-002,PROD-007,2/8/2023 2:00,6,0.05,800.79,Customer_2,South,1/12/2020,Furniture,140.49,800.793,2023,2,February
10916,CUST-034,PROD-012,2/8/2023 3:00,6,0.05,2677.92,Customer_34,South,8/23/2020,Furniture,469.81,2677.917,2023,2,February
10917,CUST-087,PROD-012,2/8/2023 4:00,7,0,3288.67,Customer_87,North,8/29/2021,Furniture,469.81,3288.67,2023,2,February
10918,CUST-999,PROD-020,2/8/2023 5:00,4,0.1,494.57,,,,Electronics,137.38,494.568,2023,2,February
10919,CUST-099,PROD-004,2/8/2023 6:00,9,0,,Customer_99,East,11/21/2021,Office,335.53,3019.77,2023,2,February
10920,CUST-017,PROD-017,2/8/2023 7:00,8,0.1,188.93,Customer_17,East,4/26/2020,Electronics,26.24,188.928,2023,2,February
10921,CUST-054,PROD-009,2/8/2023 8:00,4,0.1,1199.41,Customer_54,North,1/10/2021,Furniture,333.17,1199.412,2023,2,February
10922,CUST-059,PROD-013,2/8/2023 9:00,4,0,1027.76,Customer_59,South,2/14/2021,Clothing,256.94,1027.76,2023,2,February
10923,CUST-021,PROD-019,2/8/2023 10:00,5,0.2,774.68,Customer_21,West,5/24/2020,Electronics,193.67,774.68,2023,2,February
10924,CUST-007,PROD-018,2/8/2023 11:00,7,0.05,2596.03,Customer_7,North,2/16/2020,Furniture,390.38,2596.027,2023,2,February
10925,CUST-071,PROD-013,2/8/2023 12:00,1,0.05,,Customer_71,Midwest,5/9/2021,Clothing,256.94,244.093,2023,2,February
10926,CUST-033,PROD-015,2/8/2023 13:00,5,0.05,1289.86,Customer_33,South,8/16/2020,Furniture,271.55,1289.8625,2023,2,February
10927,CUST-016,PROD-005,2/8/2023 14:00,5,0.05,1185.03,Customer_16,South,4/19/2020,Clothing,249.48,1185.03,2023,2,February
10928,CUST-090,PROD-008,2/8/2023 15:00,2,0.1,,Customer_90,Midwest,9/19/2021,Electronics,188.3,338.94,2023,2,February
10929,CUST-004,PROD-011,2/8/2023 16:00,4,0.05,1063.28,Customer_4,South,1/26/2020,Clothing,279.81,1063.278,2023,2,February
10930,CUST-052,PROD-013,2/8/2023 17:00,7,0.05,1708.65,Customer_52,North,12/27/2020,Clothing,256.94,1708.651,2023,2,February
10931,CUST-053,PROD-005,2/8/2023 18:00,7,0.2,1397.09,Customer_53,North,1/3/2021,Clothing,249.48,1397.088,2023,2,February
10932,CUST-057,PROD-003,2/8/2023 19:00,7,0.2,892.42,Customer_57,Midwest,1/31/2021,Office,159.36,892.416,2023,2,February
10933,CUST-053,PROD-004,2/8/2023 20:00,6,0.1,1811.86,Customer_53,North,1/3/2021,Office,335.53,1811.862,2023,2,February
10934,CUST-100,PROD-013,2/8/2023 21:00,1,0,256.94,Customer_100,East,11/28/2021,Clothing,256.94,256.94,2023,2,February
10935,CUST-031,PROD-006,2/8/2023 22:00,7,0.2,642.1,Customer_31,East,8/2/2020,Electronics,114.66,642.096,2023,2,February
10936,CUST-087,PROD-018,2/8/2023 23:00,3,0.1,1054.03,Customer_87,North,8/29/2021,Furniture,390.38,1054.026,2023,2,February
10937,CUST-070,PROD-011,2/9/2023 0:00,9,0.05,2392.38,Customer_70,East,5/2/2021,Clothing,279.81,2392.3755,2023,2,February
10938,CUST-020,PROD-020,2/9/2023 1:00,2,0.2,219.81,Customer_20,Midwest,5/17/2020,Electronics,137.38,219.808,2023,2,February
10939,CUST-012,PROD-017,2/9/2023 2:00,5,0,131.2,Customer_12,East,3/22/2020,Electronics,26.24,131.2,2023,2,February
10940,CUST-098,PROD-014,2/9/2023 3:00,6,0.2,,Customer_98,Midwest,11/14/2021,Office,189.69,910.512,2023,2,February
10941,CUST-076,PROD-019,2/9/2023 4:00,4,0,774.68,Customer_76,East,6/13/2021,Electronics,193.67,774.68,2023,2,February
10942,CUST-092,PROD-004,2/9/2023 5:00,2,0,671.06,Customer_92,West,10/3/2021,Office,335.53,671.06,2023,2,February
10943,CUST-009,PROD-006,2/9/2023 6:00,8,0,917.28,Customer_9,West,3/1/2020,Electronics,114.66,917.28,2023,2,February
10944,CUST-009,PROD-017,2/9/2023 7:00,2,0,52.48,Customer_9,West,3/1/2020,Electronics,26.24,52.48,2023,2,February
10945,CUST-029,PROD-017,2/9/2023 8:00,3,0,78.72,Customer_29,Midwest,7/19/2020,Electronics,26.24,78.72,2023,2,February
10946,CUST-060,PROD-019,2/9/2023 9:00,8,0.1,1394.42,Customer_60,South,2/21/2021,Electronics,193.67,1394.424,2023,2,February
10947,CUST-091,PROD-006,2/9/2023 10:00,8,0.05,871.42,Customer_91,Midwest,9/26/2021,Electronics,114.66,871.416,2023,2,February
10948,CUST-099,PROD-017,2/9/2023 11:00,2,0.1,47.23,Customer_99,East,11/21/2021,Electronics,26.24,47.232,2023,2,February
10949,CUST-024,PROD-008,2/9/2023 12:00,8,0,1506.4,Customer_24,South,6/14/2020,Electronics,188.3,1506.4,2023,2,February
10950,CUST-052,PROD-005,2/9/2023 13:00,6,0,1496.88,Customer_52,North,12/27/2020,Clothing,249.48,1496.88,2023,2,February
10951,CUST-008,PROD-018,2/9/2023 14:00,5,0.05,1854.3,Customer_8,South,2/23/2020,Furniture,390.38,1854.305,2023,2,February
10952,CUST-058,PROD-002,2/9/2023 15:00,0,0.05,0,Customer_58,East,2/7/2021,Clothing,394.72,0,2023,2,February
10953,CUST-056,PROD-006,2/9/2023 16:00,6,0.1,619.16,Customer_56,East,1/24/2021,Electronics,114.66,619.164,2023,2,February
10954,CUST-004,PROD-017,2/9/2023 17:00,3,0.05,74.78,Customer_4,South,1/26/2020,Electronics,26.24,74.784,2023,2,February
10955,CUST-090,PROD-007,2/9/2023 18:00,8,0.2,899.14,Customer_90,Midwest,9/19/2021,Furniture,140.49,899.136,2023,2,February
10956,CUST-027,PROD-011,2/9/2023 19:00,9,0.05,2392.38,Customer_27,South,7/5/2020,Clothing,279.81,2392.3755,2023,2,February
10957,CUST-019,PROD-016,2/9/2023 20:00,5,0.2,1711.24,Customer_19,South,5/10/2020,Furniture,427.81,1711.24,2023,2,February
10958,CUST-003,PROD-004,2/9/2023 21:00,6,0.2,1610.54,Customer_3,East,1/19/2020,Office,335.53,1610.544,2023,2,February
10959,CUST-098,PROD-009,2/9/2023 22:00,6,0.2,1599.22,Customer_98,Midwest,11/14/2021,Furniture,333.17,1599.216,2023,2,February
10960,CUST-024,PROD-010,2/9/2023 23:00,9,0.2,419.11,Customer_24,South,6/14/2020,Clothing,58.21,419.112,2023,2,February
10961,CUST-091,PROD-008,2/10/2023 0:00,5,0.2,753.2,Customer_91,Midwest,9/26/2021,Electronics,188.3,753.2,2023,2,February
10962,CUST-064,PROD-010,2/10/2023 1:00,5,0.05,,Customer_64,North,3/21/2021,Clothing,58.21,276.4975,2023,2,February
10963,CUST-078,PROD-001,2/10/2023 2:00,4,0.2,538.46,Customer_78,North,6/27/2021,Clothing,168.27,538.464,2023,2,February
10964,CUST-098,PROD-013,2/10/2023 3:00,8,0.1,1849.97,Customer_98,Midwest,11/14/2021,Clothing,256.94,1849.968,2023,2,February
10965,CUST-070,PROD-004,2/10/2023 4:00,2,0.1,603.95,Customer_70,East,5/2/2021,Office,335.53,603.954,2023,2,February
10966,CUST-030,PROD-010,2/10/2023 5:00,4,0.05,221.2,Customer_30,West,7/26/2020,Clothing,58.21,221.198,2023,2,February
10967,CUST-006,PROD-009,2/10/2023 6:00,3,0.2,799.61,Customer_6,West,2/9/2020,Furniture,333.17,799.608,2023,2,February
10968,CUST-019,PROD-011,2/10/2023 7:00,2,0.05,531.64,Customer_19,South,5/10/2020,Clothing,279.81,531.639,2023,2,February
10969,CUST-085,PROD-007,2/10/2023 8:00,6,0.1,758.65,Customer_85,West,8/15/2021,Furniture,140.49,758.646,2023,2,February
10970,CUST-067,PROD-012,2/10/2023 9:00,6,0,2818.86,Customer_67,Midwest,4/11/2021,Furniture,469.81,2818.86,2023,2,February
10971,CUST-077,PROD-014,2/10/2023 10:00,4,0.2,607.01,Customer_77,East,6/20/2021,Office,189.69,607.008,2023,2,February
10972,CUST-001,PROD-011,2/10/2023 11:00,5,0.1,1259.14,Customer_1,East,1/5/2020,Clothing,279.81,1259.145,2023,2,February
10973,CUST-074,PROD-011,2/10/2023 12:00,5,0.1,1259.14,Customer_74,South,5/30/2021,Clothing,279.81,1259.145,2023,2,February
10974,CUST-088,PROD-013,2/10/2023 13:00,1,0.1,231.25,Customer_88,Midwest,9/5/2021,Clothing,256.94,231.246,2023,2,February
10975,CUST-029,PROD-001,2/10/2023 14:00,6,0.2,807.7,Customer_29,Midwest,7/19/2020,Clothing,168.27,807.696,2023,2,February
10976,CUST-028,PROD-018,2/10/2023 15:00,6,0.1,2108.05,Customer_28,East,7/12/2020,Furniture,390.38,2108.052,2023,2,February
10977,CUST-061,PROD-009,2/10/2023 16:00,4,0.05,1266.05,Customer_61,East,2/28/2021,Furniture,333.17,1266.046,2023,2,February
10978,CUST-091,PROD-013,2/10/2023 17:00,2,0.05,488.19,Customer_91,Midwest,9/26/2021,Clothing,256.94,488.186,2023,2,February
10979,CUST-019,PROD-017,2/10/2023 18:00,4,0.1,94.46,Customer_19,South,5/10/2020,Electronics,26.24,94.464,2023,2,February
10980,CUST-042,PROD-001,2/10/2023 19:00,9,0.1,1362.99,Customer_42,North,10/18/2020,Clothing,168.27,1362.987,2023,2,February
10981,CUST-076,PROD-002,2/10/2023 20:00,7,0.05,2624.89,Customer_76,East,6/13/2021,Clothing,394.72,2624.888,2023,2,February
10982,CUST-025,PROD-010,2/10/2023 21:00,1,0.05,55.3,Customer_25,East,6/21/2020,Clothing,58.21,55.2995,2023,2,February
10983,CUST-094,PROD-008,2/10/2023 22:00,4,0.2,602.56,Customer_94,North,10/17/2021,Electronics,188.3,602.56,2023,2,February
10984,CUST-027,PROD-005,2/10/2023 23:00,5,0.2,997.92,Customer_27,South,7/5/2020,Clothing,249.48,997.92,2023,2,February
10985,CUST-025,PROD-015,2/11/2023 0:00,1,0.05,257.97,Customer_25,East,6/21/2020,Furniture,271.55,257.9725,2023,2,February
10986,CUST-017,PROD-008,2/11/2023 1:00,1,0.2,150.64,Customer_17,East,4/26/2020,Electronics,188.3,150.64,2023,2,February
10987,CUST-011,PROD-006,2/11/2023 2:00,6,0.2,550.37,Customer_11,West,3/15/2020,Electronics,114.66,550.368,2023,2,February
10988,CUST-099,PROD-009,2/11/2023 3:00,2,0.1,599.71,Customer_99,East,11/21/2021,Furniture,333.17,599.706,2023,2,February
10989,CUST-081,PROD-013,2/11/2023 4:00,4,0,1027.76,Customer_81,North,7/18/2021,Clothing,256.94,1027.76,2023,2,February
10990,CUST-030,PROD-018,2/11/2023 5:00,3,0.2,936.91,Customer_30,West,7/26/2020,Furniture,390.38,936.912,2023,2,February
10991,CUST-019,PROD-001,2/11/2023 6:00,4,0.2,538.46,Customer_19,South,5/10/2020,Clothing,168.27,538.464,2023,2,February
10992,CUST-050,PROD-003,2/11/2023 6:00,6,0.05,908.35,Customer_50,East,12/13/2020,Office,159.36,908.352,2023,2,February
10993,CUST-078,PROD-014,2/11/2023 8:00,6,0.1,1024.33,Customer_78,North,6/27/2021,Office,189.69,1024.326,2023,2,February
10994,CUST-090,PROD-018,2/11/2023 9:00,3,0,1171.14,Customer_90,Midwest,9/19/2021,Furniture,390.38,1171.14,2023,2,February
10995,CUST-083,PROD-016,2/11/2023 10:00,6,0.1,2310.17,Customer_83,East,8/1/2021,Furniture,427.81,2310.174,2023,2,February
10996,CUST-004,PROD-014,2/11/2023 11:00,-1,0.1,-170.72,Customer_4,South,1/26/2020,Office,189.69,-170.721,2023,2,February
10997,CUST-017,PROD-020,2/11/2023 12:00,1,0,137.38,Customer_17,East,4/26/2020,Electronics,137.38,137.38,2023,2,February
10998,CUST-011,PROD-006,2/11/2023 13:00,1,0.1,103.19,Customer_11,West,3/15/2020,Electronics,114.66,103.194,2023,2,February
10999,CUST-017,PROD-010,2/11/2023 14:00,2,0,116.42,Customer_17,East,4/26/2020,Clothing,58.21,116.42,2023,2,February
11000,CUST-006,PROD-005,2/11/2023 15:00,6,0.2,1197.5,Customer_6,West,2/9/2020,Clothing,249.48,1197.504,2023,2,February
