TransactionID,CustomerID,ProductID,Date,Quantity,Discount,Total_Amount,Name,Region,Signup_Date,Category,Price
10001,CUST-055,PROD-008,2023-01-01 00:00:00,9,0.2,1355.76,Customer_55,West,2021-01-17,Electronics,188.3
10002,CUST-023,PROD-019,2023-01-01 01:00:00,1,0.1,,Customer_23,South,2020-06-07,Electronics,193.67
10003,CUST-095,PROD-002,2023-01-01 02:00:00,9,0.0,3552.48,Customer_95,Midwest,2021-10-24,Clothing,394.72
10004,CUST-058,PROD-019,2023-01-01 03:00:00,2,0.2,309.87,Customer_58,East,2021-02-07,Electronics,193.67
10005,CUST-070,PROD-003,2023-01-01 04:00:00,8,0.1,1147.39,Customer_70,East,2021-05-02,Office,159.36
10006,CUST-092,PROD-002,2023-01-01 05:00:00,5,0.0,1973.6,Customer_92,West,2021-10-03,Clothing,394.72
10007,CUST-049,PROD-006,2023-01-01 06:00:00,5,0.2,458.64,Customer_49,West,2020-12-06,Electronics,114.66
10008,CUST-091,PROD-011,2023-01-01 07:00:00,5,0.05,1329.1,Customer_91,Midwest,2021-09-26,Clothing,279.81
10009,CUST-042,PROD-002,2023-01-01 08:00:00,9,0.1,3197.23,Customer_42,North,2020-10-18,Clothing,394.72
10010,CUST-058,PROD-017,2023-01-01 09:00:00,6,0.2,,Customer_58,East,2021-02-07,Electronics,26.24
10011,CUST-068,PROD-005,2023-01-01 10:00:00,8,0.2,1596.67,Customer_68,North,2021-04-18,Clothing,249.48
10012,CUST-015,PROD-003,2023-01-01 11:00:00,2,0.1,286.85,Customer_15,East,2020-04-12,Office,159.36
10013,CUST-066,PROD-008,2023-01-01 12:00:00,9,0.05,1609.96,Customer_66,East,2021-04-04,Electronics,188.3
10014,CUST-026,PROD-012,2023-01-01 13:00:00,5,0.2,1879.24,Customer_26,West,2020-06-28,Furniture,469.81
10015,CUST-014,PROD-010,2023-01-01 14:00:00,2,0.2,93.14,Customer_14,North,2020-04-05,Clothing,58.21
10016,CUST-069,PROD-014,2023-01-01 14:00:00,8,0.1,1365.77,Customer_69,South,2021-04-25,Office,189.69
10017,CUST-087,PROD-015,2023-01-01 16:00:00,4,0.0,1086.2,Customer_87,North,2021-08-29,Furniture,271.55
10018,CUST-044,PROD-001,2023-01-01 17:00:00,4,0.0,673.08,Customer_44,South,2020-11-01,Clothing,168.27
10019,CUST-018,PROD-015,2023-01-01 18:00:00,7,0.2,1520.68,Customer_18,South,2020-05-03,Furniture,271.55
10020,CUST-098,PROD-006,2023-01-01 19:00:00,5,0.05,544.63,Customer_98,Midwest,2021-11-14,Electronics,114.66
10021,CUST-010,PROD-017,2023-01-01 20:00:00,3,0.0,,Customer_10,East,2020-03-08,Electronics,26.24
10022,CUST-011,PROD-011,2023-01-01 21:00:00,9,0.1,2266.46,Customer_11,West,2020-03-15,Clothing,279.81
10023,CUST-021,PROD-019,2023-01-01 22:00:00,8,0.1,1394.42,Customer_21,West,2020-05-24,Electronics,193.67
10024,CUST-091,PROD-009,2023-01-01 23:00:00,5,0.1,1499.26,Customer_91,Midwest,2021-09-26,Furniture,333.17
10025,CUST-048,PROD-015,2023-01-02 00:00:00,6,0.05,,Customer_48,Midwest,2020-11-29,Furniture,271.55
10026,CUST-017,PROD-014,2023-01-02 01:00:00,3,0.0,569.07,Customer_17,East,2020-04-26,Office,189.69
10027,CUST-048,PROD-017,2023-01-02 02:00:00,5,0.1,118.08,Customer_48,Midwest,2020-11-29,Electronics,26.24
10028,CUST-089,PROD-010,2023-01-02 03:00:00,3,0.1,157.17,Customer_89,Midwest,2021-09-12,Clothing,58.21
10029,CUST-064,PROD-014,2023-01-02 04:00:00,9,0.2,1365.77,Customer_64,North,2021-03-21,Office,189.69
10030,CUST-099,PROD-002,2023-01-02 05:00:00,3,0.0,1184.16,Customer_99,East,2021-11-21,Clothing,394.72
10031,CUST-023,PROD-003,2023-01-02 06:00:00,2,0.0,318.72,Customer_23,South,2020-06-07,Office,159.36
10032,CUST-088,PROD-011,2023-01-02 07:00:00,2,0.05,531.64,Customer_88,Midwest,2021-09-05,Clothing,279.81
10033,CUST-033,PROD-001,2023-01-02 08:00:00,8,0.2,1076.93,Customer_33,South,2020-08-16,Clothing,168.27
10034,CUST-031,PROD-002,2023-01-02 09:00:00,9,0.1,3197.23,Customer_31,East,2020-08-02,Clothing,394.72
10035,CUST-011,PROD-016,2023-01-02 10:00:00,4,0.2,1368.99,Customer_11,West,2020-03-15,Furniture,427.81
10036,CUST-099,PROD-020,2023-01-02 11:00:00,7,0.0,961.66,Customer_99,East,2021-11-21,Electronics,137.38
10037,CUST-002,PROD-019,2023-01-02 12:00:00,4,0.1,697.21,Customer_2,South,2020-01-12,Electronics,193.67
10038,CUST-019,PROD-002,2023-01-02 13:00:00,5,0.1,1776.24,Customer_19,South,2020-05-10,Clothing,394.72
10039,CUST-018,PROD-007,2023-01-02 14:00:00,9,0.2,1011.53,Customer_18,South,2020-05-03,Furniture,140.49
10040,CUST-023,PROD-011,2023-01-02 15:00:00,2,0.0,559.62,Customer_23,South,2020-06-07,Clothing,279.81
10041,CUST-072,PROD-004,2023-01-02 16:00:00,9,0.0,3019.77,Customer_72,South,2021-05-16,Office,335.53
10042,CUST-020,PROD-020,2023-01-02 17:00:00,3,0.2,329.71,Customer_20,Midwest,2020-05-17,Electronics,137.38
10043,CUST-010,PROD-011,2023-01-02 18:00:00,5,0.1,1259.14,Customer_10,East,2020-03-08,Clothing,279.81
10044,CUST-099,PROD-010,2023-01-02 19:00:00,8,0.05,442.4,Customer_99,East,2021-11-21,Clothing,58.21
10045,CUST-072,PROD-019,2023-01-02 20:00:00,1,0.05,183.99,Customer_72,South,2021-05-16,Electronics,193.67
10046,CUST-085,PROD-019,2023-01-02 21:00:00,1,0.0,193.67,Customer_85,West,2021-08-15,Electronics,193.67
10047,CUST-028,PROD-010,2023-01-02 22:00:00,9,0.1,471.5,Customer_28,East,2020-07-12,Clothing,58.21
10048,CUST-064,PROD-010,2023-01-02 23:00:00,1,0.05,55.3,Customer_64,North,2021-03-21,Clothing,58.21
10049,CUST-006,PROD-005,2023-01-03 00:00:00,5,0.1,1122.66,Customer_6,West,2020-02-09,Clothing,249.48
10050,CUST-047,PROD-003,2023-01-03 01:00:00,3,0.05,454.18,Customer_47,North,2020-11-22,Office,159.36
10051,CUST-058,PROD-018,2023-01-03 02:00:00,1,0.2,312.3,Customer_58,East,2021-02-07,Furniture,390.38
10052,CUST-100,PROD-013,2023-01-03 03:00:00,6,0.1,,Customer_100,East,2021-11-28,Clothing,256.94
10053,CUST-014,PROD-002,2023-01-03 04:00:00,8,0.2,2526.21,Customer_14,North,2020-04-05,Clothing,394.72
10054,CUST-015,PROD-020,2023-01-03 05:00:00,0,0.2,0.0,Customer_15,East,2020-04-12,Electronics,137.38
10055,CUST-033,PROD-014,2023-01-03 06:00:00,2,0.0,,Customer_33,South,2020-08-16,Office,189.69
10056,CUST-041,PROD-003,2023-01-03 07:00:00,3,0.0,478.08,Customer_41,Midwest,2020-10-11,Office,159.36
10057,CUST-029,PROD-019,2023-01-03 08:00:00,4,0.05,735.95,Customer_29,Midwest,2020-07-19,Electronics,193.67
10058,CUST-051,PROD-017,2023-01-03 09:00:00,3,0.0,78.72,Customer_51,Midwest,2020-12-20,Electronics,26.24
10059,CUST-005,PROD-012,2023-01-03 10:00:00,6,0.1,2536.97,Customer_5,West,2020-02-02,Furniture,469.81
10060,CUST-089,PROD-003,2023-01-03 11:00:00,4,0.05,605.57,Customer_89,Midwest,2021-09-12,Office,159.36
10061,CUST-096,PROD-013,2023-01-03 12:00:00,8,0.2,1644.42,Customer_96,West,2021-10-31,Clothing,256.94
10062,CUST-078,PROD-008,2023-01-03 13:00:00,7,0.05,1252.2,Customer_78,North,2021-06-27,Electronics,188.3
10063,CUST-074,PROD-008,2023-01-03 13:00:00,0,0.05,0.0,Customer_74,South,2021-05-30,Electronics,188.3
10064,CUST-044,PROD-017,2023-01-03 15:00:00,2,0.05,49.86,Customer_44,South,2020-11-01,Electronics,26.24
10065,CUST-099,PROD-017,2023-01-03 16:00:00,1,0.0,26.24,Customer_99,East,2021-11-21,Electronics,26.24
10066,CUST-073,PROD-014,2023-01-03 17:00:00,4,0.05,720.82,Customer_73,North,2021-05-23,Office,189.69
10067,CUST-051,PROD-011,2023-01-03 18:00:00,6,0.05,1594.92,Customer_51,Midwest,2020-12-20,Clothing,279.81
10068,CUST-039,PROD-009,2023-01-03 19:00:00,2,0.1,599.71,Customer_39,South,2020-09-27,Furniture,333.17
10069,CUST-034,PROD-017,2032-12-31 20:00:00,7,0.2,146.94,Customer_34,South,2020-08-23,Electronics,26.24
10070,CUST-086,PROD-007,2023-01-03 21:00:00,7,0.0,983.43,Customer_86,Midwest,2021-08-22,Furniture,140.49
10071,CUST-077,PROD-018,2023-01-03 22:00:00,8,0.1,2810.74,Customer_77,East,2021-06-20,Furniture,390.38
10072,CUST-098,PROD-007,2023-01-03 23:00:00,1,0.05,133.47,Customer_98,Midwest,2021-11-14,Furniture,140.49
10073,CUST-084,PROD-006,2023-01-04 00:00:00,7,0.05,762.49,Customer_84,East,2021-08-08,Electronics,114.66
10074,CUST-056,PROD-001,2023-01-04 01:00:00,5,0.1,757.22,Customer_56,East,2021-01-24,Clothing,168.27
10075,CUST-052,PROD-013,2023-01-04 02:00:00,8,0.0,2055.52,Customer_52,North,2020-12-27,Clothing,256.94
10076,CUST-035,PROD-004,2023-01-04 03:00:00,1,0.0,335.53,Customer_35,North,2020-08-30,Office,335.53
10077,CUST-034,PROD-004,2023-01-04 04:00:00,1,0.05,318.75,Customer_34,South,2020-08-23,Office,335.53
10078,CUST-021,PROD-008,2023-01-04 05:00:00,9,0.2,1355.76,Customer_21,West,2020-05-24,Electronics,188.3
10079,CUST-091,PROD-007,2023-01-04 06:00:00,3,0.05,400.4,Customer_91,Midwest,2021-09-26,Furniture,140.49
10080,CUST-090,PROD-013,2023-01-04 07:00:00,-8,0.1,-1849.97,Customer_90,Midwest,2021-09-19,Clothing,256.94
10081,CUST-020,PROD-011,2023-01-04 08:00:00,4,0.0,1119.24,Customer_20,Midwest,2020-05-17,Clothing,279.81
10082,CUST-100,PROD-018,2023-01-04 09:00:00,1,0.1,,Customer_100,East,2021-11-28,Furniture,390.38
10083,CUST-084,PROD-003,2023-01-04 10:00:00,4,0.05,605.57,Customer_84,East,2021-08-08,Office,159.36
10084,CUST-002,PROD-010,2023-01-04 11:00:00,6,0.0,349.26,Customer_2,South,2020-01-12,Clothing,58.21
10085,CUST-060,PROD-011,2023-01-04 12:00:00,7,0.1,1762.8,Customer_60,South,2021-02-21,Clothing,279.81
10086,CUST-054,PROD-006,2023-01-04 13:00:00,1,0.2,91.73,Customer_54,North,2021-01-10,Electronics,114.66
10087,CUST-003,PROD-009,2023-01-04 14:00:00,9,0.1,2698.68,Customer_3,East,2020-01-19,Furniture,333.17
10088,CUST-085,PROD-007,2023-01-04 15:00:00,2,0.2,224.78,Customer_85,West,2021-08-15,Furniture,140.49
10089,CUST-033,PROD-007,2023-01-04 15:00:00,8,0.1,1011.53,Customer_33,South,2020-08-16,Furniture,140.49
10090,CUST-081,PROD-005,2023-01-04 17:00:00,3,0.1,673.6,Customer_81,North,2021-07-18,Clothing,249.48
10091,CUST-085,PROD-006,2023-01-04 18:00:00,8,0.05,,Customer_85,West,2021-08-15,Electronics,114.66
10092,CUST-070,PROD-020,2023-01-04 19:00:00,8,0.05,1044.09,Customer_70,East,2021-05-02,Electronics,137.38
10093,CUST-073,PROD-018,2023-01-04 20:00:00,2,0.1,702.68,Customer_73,North,2021-05-23,Furniture,390.38
10094,CUST-023,PROD-020,2023-01-04 21:00:00,2,0.2,219.81,Customer_23,South,2020-06-07,Electronics,137.38
10095,CUST-073,PROD-004,2023-01-04 22:00:00,2,0.0,671.06,Customer_73,North,2021-05-23,Office,335.53
10096,CUST-038,PROD-011,2023-01-04 23:00:00,1,0.05,265.82,Customer_38,East,2020-09-20,Clothing,279.81
10097,CUST-054,PROD-012,2023-01-05 00:00:00,8,0.2,3006.78,Customer_54,North,2021-01-10,Furniture,469.81
10098,CUST-022,PROD-015,2023-01-05 01:00:00,7,0.05,1805.81,Customer_22,North,2020-05-31,Furniture,271.55
10099,CUST-074,PROD-019,2023-01-05 02:00:00,6,0.0,1162.02,Customer_74,South,2021-05-30,Electronics,193.67
10100,CUST-056,PROD-001,2023-01-05 03:00:00,7,0.1,1060.1,Customer_56,East,2021-01-24,Clothing,168.27
10101,CUST-025,PROD-014,2023-01-05 04:00:00,2,0.1,341.44,Customer_25,East,2020-06-21,Office,189.69
10102,CUST-097,PROD-009,2023-01-05 05:00:00,2,0.0,666.34,Customer_97,North,2021-11-07,Furniture,333.17
10103,CUST-063,PROD-005,2023-01-05 06:00:00,7,0.0,1746.36,Customer_63,West,2021-03-14,Clothing,249.48
10104,CUST-074,PROD-017,2023-01-05 07:00:00,2,0.2,41.98,Customer_74,South,2021-05-30,Electronics,26.24
10105,CUST-058,PROD-007,2023-01-05 08:00:00,3,0.0,421.47,Customer_58,East,2021-02-07,Furniture,140.49
10106,CUST-021,PROD-017,2023-01-05 09:00:00,8,0.2,167.94,Customer_21,West,2020-05-24,Electronics,26.24
10107,CUST-049,PROD-019,2023-01-05 10:00:00,1,0.0,193.67,Customer_49,West,2020-12-06,Electronics,193.67
10108,CUST-036,PROD-008,2023-01-05 11:00:00,4,0.0,753.2,Customer_36,West,2020-09-06,Electronics,188.3
10109,CUST-081,PROD-004,2023-01-05 12:00:00,9,0.1,2717.79,Customer_81,North,2021-07-18,Office,335.53
10110,CUST-072,PROD-002,2023-01-05 13:00:00,9,0.2,2841.98,Customer_72,South,2021-05-16,Clothing,394.72
10111,CUST-030,PROD-013,2023-01-05 14:00:00,8,0.0,2055.52,Customer_30,West,2020-07-26,Clothing,256.94
10112,CUST-036,PROD-008,2023-01-05 15:00:00,2,0.2,301.28,Customer_36,West,2020-09-06,Electronics,188.3
10113,CUST-092,PROD-015,2023-01-05 16:00:00,9,0.2,1955.16,Customer_92,West,2021-10-03,Furniture,271.55
10114,CUST-090,PROD-016,2023-01-05 17:00:00,7,0.2,2395.74,Customer_90,Midwest,2021-09-19,Furniture,427.81
10115,CUST-063,PROD-001,2023-01-05 18:00:00,6,0.0,1009.62,Customer_63,West,2021-03-14,Clothing,168.27
10116,CUST-080,PROD-007,2023-01-05 19:00:00,2,0.05,266.93,Customer_80,North,2021-07-11,Furniture,140.49
10117,CUST-011,PROD-003,2023-01-05 20:00:00,2,0.05,,Customer_11,West,2020-03-15,Office,159.36
10118,CUST-067,PROD-012,2023-01-05 21:00:00,4,0.2,1503.39,Customer_67,Midwest,2021-04-11,Furniture,469.81
10119,CUST-094,PROD-020,2023-01-05 22:00:00,9,0.1,1112.78,Customer_94,North,2021-10-17,Electronics,137.38
10120,CUST-073,PROD-018,2023-01-05 23:00:00,2,0.2,624.61,Customer_73,North,2021-05-23,Furniture,390.38
10121,CUST-025,PROD-018,2023-01-06 00:00:00,3,0.05,1112.58,Customer_25,East,2020-06-21,Furniture,390.38
10122,CUST-042,PROD-010,2023-01-06 01:00:00,1,0.1,52.39,Customer_42,North,2020-10-18,Clothing,58.21
10123,CUST-009,PROD-020,2023-01-06 02:00:00,5,0.1,618.21,Customer_9,West,2020-03-01,Electronics,137.38
10124,CUST-035,PROD-016,2023-01-06 03:00:00,9,0.2,3080.23,Customer_35,North,2020-08-30,Furniture,427.81
10125,CUST-078,PROD-020,2023-01-06 04:00:00,1,0.2,109.9,Customer_78,North,2021-06-27,Electronics,137.38
10126,CUST-100,PROD-017,2023-01-06 05:00:00,9,0.05,224.35,Customer_100,East,2021-11-28,Electronics,26.24
10127,CUST-096,PROD-003,2023-01-06 06:00:00,6,0.05,908.35,Customer_96,West,2021-10-31,Office,159.36
10128,CUST-073,PROD-012,2023-01-06 07:00:00,3,0.0,1409.43,Customer_73,North,2021-05-23,Furniture,469.81
10129,CUST-096,PROD-008,2023-01-06 08:00:00,3,0.2,451.92,Customer_96,West,2021-10-31,Electronics,188.3
10130,CUST-031,PROD-001,2023-01-06 09:00:00,1,0.0,168.27,Customer_31,East,2020-08-02,Clothing,168.27
10131,CUST-057,PROD-016,2023-01-06 10:00:00,8,0.0,3422.48,Customer_57,Midwest,2021-01-31,Furniture,427.81
10132,CUST-043,PROD-012,2023-01-06 11:00:00,5,0.05,2231.6,Customer_43,Midwest,2020-10-25,Furniture,469.81
10133,CUST-071,PROD-014,2023-01-06 12:00:00,9,0.1,1536.49,Customer_71,Midwest,2021-05-09,Office,189.69
10134,CUST-023,PROD-017,2023-01-06 13:00:00,4,0.2,83.97,Customer_23,South,2020-06-07,Electronics,26.24
10135,CUST-083,PROD-009,2023-01-06 14:00:00,8,0.1,2398.82,Customer_83,East,2021-08-01,Furniture,333.17
10136,CUST-085,PROD-001,2023-01-06 15:00:00,4,0.2,538.46,Customer_85,West,2021-08-15,Clothing,168.27
10137,CUST-027,PROD-019,2023-01-06 16:00:00,7,0.05,1287.91,Customer_27,South,2020-07-05,Electronics,193.67
10138,CUST-048,PROD-001,2023-01-06 17:00:00,3,0.2,403.85,Customer_48,Midwest,2020-11-29,Clothing,168.27
10139,CUST-059,PROD-013,2023-01-06 18:00:00,7,0.2,1438.86,Customer_59,South,2021-02-14,Clothing,256.94
10140,CUST-086,PROD-013,2023-01-06 19:00:00,6,0.2,1233.31,Customer_86,Midwest,2021-08-22,Clothing,256.94
10141,CUST-031,PROD-007,2023-01-06 20:00:00,6,0.2,674.35,Customer_31,East,2020-08-02,Furniture,140.49
10142,CUST-015,PROD-016,2023-01-06 21:00:00,6,0.2,,Customer_15,East,2020-04-12,Furniture,427.81
10143,CUST-071,PROD-012,2023-01-06 22:00:00,2,0.0,939.62,Customer_71,Midwest,2021-05-09,Furniture,469.81
10144,CUST-014,PROD-018,2023-01-06 23:00:00,9,0.05,3337.75,Customer_14,North,2020-04-05,Furniture,390.38
10145,CUST-038,PROD-012,2023-01-07 00:00:00,9,0.05,4016.88,Customer_38,East,2020-09-20,Furniture,469.81
10146,CUST-022,PROD-005,2023-01-07 01:00:00,2,0.2,399.17,Customer_22,North,2020-05-31,Clothing,249.48
10147,CUST-023,PROD-004,2023-01-07 02:00:00,5,0.1,1509.88,Customer_23,South,2020-06-07,Office,335.53
10148,CUST-023,PROD-015,2023-01-07 03:00:00,2,0.1,488.79,Customer_23,South,2020-06-07,Furniture,271.55
10149,CUST-095,PROD-020,2023-01-07 04:00:00,5,0.0,686.9,Customer_95,Midwest,2021-10-24,Electronics,137.38
10150,CUST-097,PROD-006,2023-01-07 04:00:00,7,0.05,762.49,Customer_97,North,2021-11-07,Electronics,114.66
10151,CUST-011,PROD-005,2023-01-07 06:00:00,9,0.2,1796.26,Customer_11,West,2020-03-15,Clothing,249.48
10152,CUST-040,PROD-012,2023-01-07 07:00:00,6,0.05,2677.92,Customer_40,North,2020-10-04,Furniture,469.81
10153,CUST-065,PROD-007,2023-01-07 08:00:00,7,0.05,,Customer_65,South,2021-03-28,Furniture,140.49
10154,CUST-026,PROD-010,2023-01-07 09:00:00,8,0.05,442.4,Customer_26,West,2020-06-28,Clothing,58.21
10155,CUST-075,PROD-009,2023-01-07 10:00:00,2,0.05,633.02,Customer_75,North,2021-06-06,Furniture,333.17
10156,CUST-037,PROD-016,2023-01-07 11:00:00,4,0.1,1540.12,Customer_37,East,2020-09-13,Furniture,427.81
10157,CUST-033,PROD-005,2023-01-07 12:00:00,3,0.1,673.6,Customer_33,South,2020-08-16,Clothing,249.48
10158,CUST-019,PROD-008,2023-01-07 13:00:00,3,0.2,451.92,Customer_19,South,2020-05-10,Electronics,188.3
10159,CUST-023,PROD-002,2023-01-07 14:00:00,5,0.1,1776.24,Customer_23,South,2020-06-07,Clothing,394.72
10160,CUST-067,PROD-002,2023-01-07 15:00:00,5,0.05,1874.92,Customer_67,Midwest,2021-04-11,Clothing,394.72
10161,CUST-005,PROD-010,2023-01-07 16:00:00,2,0.0,116.42,Customer_5,West,2020-02-02,Clothing,58.21
10162,CUST-081,PROD-013,2023-01-07 17:00:00,9,0.2,1849.97,Customer_81,North,2021-07-18,Clothing,256.94
10163,CUST-019,PROD-009,2023-01-07 18:00:00,1,0.0,333.17,Customer_19,South,2020-05-10,Furniture,333.17
10164,CUST-022,PROD-012,2023-01-07 19:00:00,5,0.1,2114.15,Customer_22,North,2020-05-31,Furniture,469.81
10165,CUST-044,PROD-002,2023-01-07 20:00:00,0,0.05,0.0,Customer_44,South,2020-11-01,Clothing,394.72
10166,CUST-056,PROD-010,2023-01-07 21:00:00,1,0.1,52.39,Customer_56,East,2021-01-24,Clothing,58.21
10167,CUST-033,PROD-010,2023-01-07 22:00:00,6,0.0,349.26,Customer_33,South,2020-08-16,Clothing,58.21
10168,CUST-038,PROD-008,2023-01-07 23:00:00,5,0.1,847.35,Customer_38,East,2020-09-20,Electronics,188.3
10169,CUST-064,PROD-011,2023-01-08 00:00:00,2,0.2,447.7,Customer_64,North,2021-03-21,Clothing,279.81
10170,CUST-014,PROD-013,2023-01-08 01:00:00,7,0.0,1798.58,Customer_14,North,2020-04-05,Clothing,256.94
10171,CUST-068,PROD-010,2023-01-08 02:00:00,1,0.0,58.21,Customer_68,North,2021-04-18,Clothing,58.21
10172,CUST-048,PROD-009,2023-01-08 03:00:00,7,0.2,1865.75,Customer_48,Midwest,2020-11-29,Furniture,333.17
10173,CUST-090,PROD-002,2023-01-08 04:00:00,2,0.0,789.44,Customer_90,Midwest,2021-09-19,Clothing,394.72
10174,CUST-017,PROD-017,2023-01-08 05:00:00,5,0.2,104.96,Customer_17,East,2020-04-26,Electronics,26.24
10175,CUST-048,PROD-002,2023-01-08 06:00:00,-6,0.1,-2131.49,Customer_48,Midwest,2020-11-29,Clothing,394.72
10176,CUST-009,PROD-016,2023-01-08 07:00:00,6,0.05,2438.52,Customer_9,West,2020-03-01,Furniture,427.81
10177,CUST-005,PROD-010,2023-01-08 08:00:00,5,0.05,,Customer_5,West,2020-02-02,Clothing,58.21
10178,CUST-017,PROD-004,2023-01-08 09:00:00,4,0.05,1275.01,Customer_17,East,2020-04-26,Office,335.53
10179,CUST-098,PROD-020,2023-01-08 10:00:00,7,0.05,913.58,Customer_98,Midwest,2021-11-14,Electronics,137.38
10180,CUST-049,PROD-001,2023-01-08 11:00:00,4,0.0,673.08,Customer_49,West,2020-12-06,Clothing,168.27
10181,CUST-008,PROD-004,2023-01-08 11:00:00,2,0.2,536.85,Customer_8,South,2020-02-23,Office,335.53
10182,CUST-040,PROD-004,2023-01-08 13:00:00,9,0.1,2717.79,Customer_40,North,2020-10-04,Office,335.53
10183,CUST-089,PROD-008,2023-01-08 14:00:00,8,0.1,,Customer_89,Midwest,2021-09-12,Electronics,188.3
10184,CUST-055,PROD-020,2023-01-08 15:00:00,2,0.0,274.76,Customer_55,West,2021-01-17,Electronics,137.38
10185,CUST-079,PROD-001,2023-01-08 16:00:00,6,0.2,807.7,Customer_79,East,2021-07-04,Clothing,168.27
10186,CUST-079,PROD-018,2023-01-08 16:00:00,7,0.2,2186.13,Customer_79,East,2021-07-04,Furniture,390.38
10187,CUST-100,PROD-009,2023-01-08 18:00:00,5,0.2,1332.68,Customer_100,East,2021-11-28,Furniture,333.17
10188,CUST-051,PROD-017,2023-01-08 19:00:00,4,0.0,104.96,Customer_51,Midwest,2020-12-20,Electronics,26.24
10189,CUST-085,PROD-005,2023-01-08 20:00:00,6,0.0,1496.88,Customer_85,West,2021-08-15,Clothing,249.48
10190,CUST-051,PROD-012,2023-01-08 21:00:00,7,0.05,3124.24,Customer_51,Midwest,2020-12-20,Furniture,469.81
10191,CUST-024,PROD-008,2023-01-08 22:00:00,4,0.2,602.56,Customer_24,South,2020-06-14,Electronics,188.3
10192,CUST-009,PROD-009,2023-01-08 23:00:00,3,0.1,899.56,Customer_9,West,2020-03-01,Furniture,333.17
10193,CUST-056,PROD-014,2023-01-09 00:00:00,3,0.2,455.26,Customer_56,East,2021-01-24,Office,189.69
10194,CUST-063,PROD-013,2023-01-09 01:00:00,6,0.0,1541.64,Customer_63,West,2021-03-14,Clothing,256.94
10195,CUST-095,PROD-001,2023-01-09 02:00:00,8,0.2,1076.93,Customer_95,Midwest,2021-10-24,Clothing,168.27
10196,CUST-027,PROD-016,2023-01-09 03:00:00,2,0.05,812.84,Customer_27,South,2020-07-05,Furniture,427.81
10197,CUST-002,PROD-020,2023-01-09 04:00:00,6,0.2,659.42,Customer_2,South,2020-01-12,Electronics,137.38
10198,CUST-075,PROD-006,2023-01-09 05:00:00,1,0.05,,Customer_75,North,2021-06-06,Electronics,114.66
10199,CUST-056,PROD-004,2023-01-09 06:00:00,8,0.2,2147.39,Customer_56,East,2021-01-24,Office,335.53
10200,CUST-025,PROD-017,2023-01-09 07:00:00,9,0.2,188.93,Customer_25,East,2020-06-21,Electronics,26.24
10201,CUST-033,PROD-020,2023-01-09 08:00:00,9,0.2,989.14,Customer_33,South,2020-08-16,Electronics,137.38
10202,CUST-072,PROD-004,2023-01-09 09:00:00,9,0.2,2415.82,Customer_72,South,2021-05-16,Office,335.53
10203,CUST-026,PROD-007,2023-01-09 10:00:00,4,0.0,561.96,Customer_26,West,2020-06-28,Furniture,140.49
10204,CUST-054,PROD-006,2023-01-09 11:00:00,1,0.0,114.66,Customer_54,North,2021-01-10,Electronics,114.66
10205,CUST-099,PROD-001,2023-01-09 12:00:00,6,0.2,807.7,Customer_99,East,2021-11-21,Clothing,168.27
10206,CUST-091,PROD-016,2023-01-09 13:00:00,8,0.2,2737.98,Customer_91,Midwest,2021-09-26,Furniture,427.81
10207,CUST-082,PROD-013,2023-01-09 14:00:00,8,0.1,1849.97,Customer_82,South,2021-07-25,Clothing,256.94
10208,CUST-019,PROD-016,2023-01-09 15:00:00,8,0.05,3251.36,Customer_19,South,2020-05-10,Furniture,427.81
10209,CUST-018,PROD-012,2023-01-09 16:00:00,4,0.0,1879.24,Customer_18,South,2020-05-03,Furniture,469.81
10210,CUST-035,PROD-001,2023-01-09 17:00:00,7,0.05,1119.0,Customer_35,North,2020-08-30,Clothing,168.27
10211,CUST-034,PROD-006,2023-01-09 18:00:00,8,0.1,825.55,Customer_34,South,2020-08-23,Electronics,114.66
10212,CUST-079,PROD-015,2023-01-09 19:00:00,9,0.0,2443.95,Customer_79,East,2021-07-04,Furniture,271.55
10213,CUST-060,PROD-017,2033-01-06 20:00:00,7,0.1,165.31,Customer_60,South,2021-02-21,Electronics,26.24
10214,CUST-025,PROD-013,2023-01-09 21:00:00,2,0.05,,Customer_25,East,2020-06-21,Clothing,256.94
10215,CUST-032,PROD-004,2023-01-09 22:00:00,9,0.1,2717.79,Customer_32,Midwest,2020-08-09,Office,335.53
10216,CUST-095,PROD-006,2023-01-09 23:00:00,7,0.0,802.62,Customer_95,Midwest,2021-10-24,Electronics,114.66
10217,CUST-058,PROD-005,2023-01-10 00:00:00,4,0.2,798.34,Customer_58,East,2021-02-07,Clothing,249.48
10218,CUST-091,PROD-017,2023-01-10 00:00:00,5,0.1,118.08,Customer_91,Midwest,2021-09-26,Electronics,26.24
10219,CUST-085,PROD-020,2023-01-10 02:00:00,7,0.0,961.66,Customer_85,West,2021-08-15,Electronics,137.38
10220,CUST-008,PROD-015,2033-01-07 03:00:00,2,0.0,543.1,Customer_8,South,2020-02-23,Furniture,271.55
10221,CUST-086,PROD-009,2023-01-10 04:00:00,5,0.2,1332.68,Customer_86,Midwest,2021-08-22,Furniture,333.17
10222,CUST-035,PROD-017,2023-01-10 05:00:00,9,0.2,188.93,Customer_35,North,2020-08-30,Electronics,26.24
10223,CUST-067,PROD-007,2023-01-10 06:00:00,6,0.05,800.79,Customer_67,Midwest,2021-04-11,Furniture,140.49
10224,CUST-062,PROD-006,2023-01-10 07:00:00,1,0.05,108.93,Customer_62,Midwest,2021-03-07,Electronics,114.66
10225,CUST-086,PROD-012,2023-01-10 08:00:00,3,0.1,1268.49,Customer_86,Midwest,2021-08-22,Furniture,469.81
10226,CUST-068,PROD-009,2023-01-10 09:00:00,6,0.2,1599.22,Customer_68,North,2021-04-18,Furniture,333.17
10227,CUST-059,PROD-009,2023-01-10 10:00:00,5,0.0,1665.85,Customer_59,South,2021-02-14,Furniture,333.17
10228,CUST-090,PROD-004,2023-01-10 11:00:00,2,0.05,637.51,Customer_90,Midwest,2021-09-19,Office,335.53
10229,CUST-059,PROD-018,2023-01-10 12:00:00,5,0.2,1561.52,Customer_59,South,2021-02-14,Furniture,390.38
10230,CUST-066,PROD-012,2023-01-10 13:00:00,9,0.1,3805.46,Customer_66,East,2021-04-04,Furniture,469.81
10231,CUST-062,PROD-006,2023-01-10 14:00:00,2,0.05,217.85,Customer_62,Midwest,2021-03-07,Electronics,114.66
10232,CUST-030,PROD-020,2023-01-10 15:00:00,4,0.0,549.52,Customer_30,West,2020-07-26,Electronics,137.38
10233,CUST-007,PROD-012,2023-01-10 16:00:00,5,0.05,2231.6,Customer_7,North,2020-02-16,Furniture,469.81
10234,CUST-084,PROD-019,2023-01-10 17:00:00,3,0.0,581.01,Customer_84,East,2021-08-08,Electronics,193.67
10235,CUST-999,PROD-016,2023-01-10 18:00:00,8,0.2,2737.98,,,,Furniture,427.81
10236,CUST-999,PROD-020,2023-01-10 19:00:00,7,0.05,913.58,,,,Electronics,137.38
10237,CUST-070,PROD-011,2023-01-10 20:00:00,9,0.05,2392.38,Customer_70,East,2021-05-02,Clothing,279.81
10238,CUST-043,PROD-011,2023-01-10 21:00:00,8,0.1,2014.63,Customer_43,Midwest,2020-10-25,Clothing,279.81
10239,CUST-071,PROD-016,2023-01-10 22:00:00,7,0.2,,Customer_71,Midwest,2021-05-09,Furniture,427.81
10240,CUST-022,PROD-005,2023-01-10 23:00:00,2,0.2,399.17,Customer_22,North,2020-05-31,Clothing,249.48
10241,CUST-057,PROD-016,2023-01-11 00:00:00,8,0.0,3422.48,Customer_57,Midwest,2021-01-31,Furniture,427.81
10242,CUST-023,PROD-013,2023-01-11 01:00:00,4,0.1,924.98,Customer_23,South,2020-06-07,Clothing,256.94
10243,CUST-076,PROD-010,2023-01-11 02:00:00,6,0.1,314.33,Customer_76,East,2021-06-13,Clothing,58.21
10244,CUST-067,PROD-002,2023-01-11 03:00:00,4,0.05,1499.94,Customer_67,Midwest,2021-04-11,Clothing,394.72
10245,CUST-070,PROD-019,2023-01-11 04:00:00,6,0.05,,Customer_70,East,2021-05-02,Electronics,193.67
10246,CUST-025,PROD-001,2023-01-11 05:00:00,7,0.1,1060.1,Customer_25,East,2020-06-21,Clothing,168.27
10247,CUST-033,PROD-010,2023-01-11 06:00:00,5,0.0,291.05,Customer_33,South,2020-08-16,Clothing,58.21
10248,CUST-090,PROD-019,2023-01-11 07:00:00,1,0.05,183.99,Customer_90,Midwest,2021-09-19,Electronics,193.67
10249,CUST-007,PROD-015,2023-01-11 08:00:00,6,0.2,1303.44,Customer_7,North,2020-02-16,Furniture,271.55
10250,CUST-028,PROD-007,2023-01-11 09:00:00,2,0.2,224.78,Customer_28,East,2020-07-12,Furniture,140.49
10251,CUST-032,PROD-008,2023-01-11 10:00:00,2,0.05,357.77,Customer_32,Midwest,2020-08-09,Electronics,188.3
10252,CUST-031,PROD-010,2023-01-11 11:00:00,8,0.1,419.11,Customer_31,East,2020-08-02,Clothing,58.21
10253,CUST-018,PROD-004,2023-01-11 12:00:00,1,0.1,301.98,Customer_18,South,2020-05-03,Office,335.53
10254,CUST-010,PROD-002,2023-01-11 13:00:00,2,0.05,749.97,Customer_10,East,2020-03-08,Clothing,394.72
10255,CUST-034,PROD-019,2023-01-11 14:00:00,1,0.0,193.67,Customer_34,South,2020-08-23,Electronics,193.67
10256,CUST-038,PROD-017,2023-01-11 15:00:00,9,0.0,236.16,Customer_38,East,2020-09-20,Electronics,26.24
10257,CUST-100,PROD-006,2023-01-11 16:00:00,9,0.05,980.34,Customer_100,East,2021-11-28,Electronics,114.66
10258,CUST-011,PROD-020,2023-01-11 17:00:00,0,0.0,0.0,Customer_11,West,2020-03-15,Electronics,137.38
10259,CUST-099,PROD-005,2023-01-11 18:00:00,3,0.05,711.02,Customer_99,East,2021-11-21,Clothing,249.48
10260,CUST-090,PROD-011,2023-01-11 19:00:00,1,0.05,265.82,Customer_90,Midwest,2021-09-19,Clothing,279.81
10261,CUST-005,PROD-016,2023-01-11 20:00:00,4,0.1,1540.12,Customer_5,West,2020-02-02,Furniture,427.81
10262,CUST-062,PROD-009,2023-01-11 21:00:00,9,0.0,2998.53,Customer_62,Midwest,2021-03-07,Furniture,333.17
10263,CUST-043,PROD-010,2023-01-11 22:00:00,4,0.0,232.84,Customer_43,Midwest,2020-10-25,Clothing,58.21
10264,CUST-013,PROD-015,2023-01-11 23:00:00,8,0.1,1955.16,Customer_13,South,2020-03-29,Furniture,271.55
10265,CUST-003,PROD-017,2023-01-12 00:00:00,1,0.0,26.24,Customer_3,East,2020-01-19,Electronics,26.24
10266,CUST-072,PROD-006,2023-01-12 01:00:00,6,0.0,687.96,Customer_72,South,2021-05-16,Electronics,114.66
10267,CUST-091,PROD-017,2023-01-12 02:00:00,5,0.2,104.96,Customer_91,Midwest,2021-09-26,Electronics,26.24
10268,CUST-063,PROD-001,2023-01-12 03:00:00,3,0.1,454.33,Customer_63,West,2021-03-14,Clothing,168.27
10269,CUST-030,PROD-010,2023-01-12 04:00:00,7,0.0,407.47,Customer_30,West,2020-07-26,Clothing,58.21
10270,CUST-003,PROD-001,2023-01-12 05:00:00,2,0.05,319.71,Customer_3,East,2020-01-19,Clothing,168.27
10271,CUST-050,PROD-012,2023-01-12 06:00:00,2,0.2,751.7,Customer_50,East,2020-12-13,Furniture,469.81
10272,CUST-033,PROD-010,2023-01-12 07:00:00,5,0.0,291.05,Customer_33,South,2020-08-16,Clothing,58.21
10273,CUST-054,PROD-003,2023-01-12 08:00:00,7,0.0,1115.52,Customer_54,North,2021-01-10,Office,159.36
10274,CUST-999,PROD-019,2023-01-12 09:00:00,2,0.05,367.97,,,,Electronics,193.67
10275,CUST-084,PROD-002,2023-01-12 10:00:00,5,0.1,1776.24,Customer_84,East,2021-08-08,Clothing,394.72
10276,CUST-091,PROD-004,2023-01-12 11:00:00,1,0.0,335.53,Customer_91,Midwest,2021-09-26,Office,335.53
10277,CUST-999,PROD-013,2023-01-12 11:00:00,2,0.0,513.88,,,,Clothing,256.94
10278,CUST-012,PROD-018,2023-01-12 13:00:00,9,0.2,,Customer_12,East,2020-03-22,Furniture,390.38
10279,CUST-068,PROD-004,2023-01-12 14:00:00,9,0.2,2415.82,Customer_68,North,2021-04-18,Office,335.53
10280,CUST-071,PROD-011,2023-01-12 15:00:00,3,0.1,755.49,Customer_71,Midwest,2021-05-09,Clothing,279.81
10281,CUST-008,PROD-014,2023-01-12 16:00:00,9,0.2,1365.77,Customer_8,South,2020-02-23,Office,189.69
10282,CUST-100,PROD-005,2023-01-12 17:00:00,9,0.2,1796.26,Customer_100,East,2021-11-28,Clothing,249.48
10283,CUST-095,PROD-013,2023-01-12 18:00:00,1,0.1,231.25,Customer_95,Midwest,2021-10-24,Clothing,256.94
10284,CUST-033,PROD-017,2023-01-12 19:00:00,4,0.05,99.71,Customer_33,South,2020-08-16,Electronics,26.24
10285,CUST-048,PROD-008,2023-01-12 20:00:00,1,0.0,188.3,Customer_48,Midwest,2020-11-29,Electronics,188.3
10286,CUST-042,PROD-015,2023-01-12 21:00:00,7,0.05,1805.81,Customer_42,North,2020-10-18,Furniture,271.55
10287,CUST-046,PROD-013,2023-01-12 22:00:00,5,0.2,1027.76,Customer_46,North,2020-11-15,Clothing,256.94
10288,CUST-075,PROD-020,2023-01-12 23:00:00,1,0.1,123.64,Customer_75,North,2021-06-06,Electronics,137.38
10289,CUST-067,PROD-008,2023-01-13 00:00:00,4,0.1,677.88,Customer_67,Midwest,2021-04-11,Electronics,188.3
10290,CUST-080,PROD-010,2023-01-13 01:00:00,2,0.0,116.42,Customer_80,North,2021-07-11,Clothing,58.21
10291,CUST-063,PROD-004,2023-01-13 02:00:00,1,0.0,335.53,Customer_63,West,2021-03-14,Office,335.53
10292,CUST-026,PROD-016,2023-01-13 03:00:00,7,0.1,,Customer_26,West,2020-06-28,Furniture,427.81
10293,CUST-074,PROD-001,2023-01-13 04:00:00,5,0.2,673.08,Customer_74,South,2021-05-30,Clothing,168.27
10294,CUST-084,PROD-015,2023-01-13 05:00:00,-3,0.05,-773.92,Customer_84,East,2021-08-08,Furniture,271.55
10295,CUST-095,PROD-003,2023-01-13 06:00:00,6,0.05,908.35,Customer_95,Midwest,2021-10-24,Office,159.36
10296,CUST-026,PROD-011,2023-01-13 07:00:00,6,0.05,1594.92,Customer_26,West,2020-06-28,Clothing,279.81
10297,CUST-084,PROD-001,2023-01-13 08:00:00,2,0.2,269.23,Customer_84,East,2021-08-08,Clothing,168.27
10298,CUST-071,PROD-014,2023-01-13 09:00:00,2,0.0,379.38,Customer_71,Midwest,2021-05-09,Office,189.69
10299,CUST-045,PROD-020,2023-01-13 10:00:00,1,0.05,130.51,Customer_45,East,2020-11-08,Electronics,137.38
10300,CUST-031,PROD-016,2023-01-13 11:00:00,6,0.2,2053.49,Customer_31,East,2020-08-02,Furniture,427.81
10301,CUST-074,PROD-010,2023-01-13 12:00:00,8,0.2,372.54,Customer_74,South,2021-05-30,Clothing,58.21
10302,CUST-015,PROD-001,2023-01-13 13:00:00,8,0.2,1076.93,Customer_15,East,2020-04-12,Clothing,168.27
10303,CUST-011,PROD-012,2023-01-13 14:00:00,1,0.2,375.85,Customer_11,West,2020-03-15,Furniture,469.81
10304,CUST-063,PROD-011,2023-01-13 15:00:00,4,0.0,1119.24,Customer_63,West,2021-03-14,Clothing,279.81
10305,CUST-034,PROD-015,2023-01-13 16:00:00,1,0.0,271.55,Customer_34,South,2020-08-23,Furniture,271.55
10306,CUST-083,PROD-020,2023-01-13 17:00:00,5,0.05,652.55,Customer_83,East,2021-08-01,Electronics,137.38
10307,CUST-087,PROD-015,2023-01-13 18:00:00,9,0.1,2199.56,Customer_87,North,2021-08-29,Furniture,271.55
10308,CUST-012,PROD-017,2023-01-13 19:00:00,4,0.2,83.97,Customer_12,East,2020-03-22,Electronics,26.24
10309,CUST-016,PROD-019,2023-01-13 20:00:00,6,0.2,,Customer_16,South,2020-04-19,Electronics,193.67
10310,CUST-084,PROD-015,2023-01-13 21:00:00,2,0.05,515.95,Customer_84,East,2021-08-08,Furniture,271.55
10311,CUST-003,PROD-010,2023-01-13 22:00:00,8,0.2,372.54,Customer_3,East,2020-01-19,Clothing,58.21
10312,CUST-098,PROD-019,2023-01-13 23:00:00,2,0.2,309.87,Customer_98,Midwest,2021-11-14,Electronics,193.67
10313,CUST-057,PROD-007,2023-01-14 00:00:00,5,0.2,,Customer_57,Midwest,2021-01-31,Furniture,140.49
10314,CUST-054,PROD-004,2023-01-14 01:00:00,4,0.0,1342.12,Customer_54,North,2021-01-10,Office,335.53
10315,CUST-062,PROD-012,2023-01-14 02:00:00,3,0.1,1268.49,Customer_62,Midwest,2021-03-07,Furniture,469.81
10316,CUST-074,PROD-006,2023-01-14 03:00:00,4,0.1,412.78,Customer_74,South,2021-05-30,Electronics,114.66
10317,CUST-010,PROD-019,2023-01-14 04:00:00,9,0.0,1743.03,Customer_10,East,2020-03-08,Electronics,193.67
10318,CUST-031,PROD-014,2023-01-14 05:00:00,2,0.0,379.38,Customer_31,East,2020-08-02,Office,189.69
10319,CUST-025,PROD-004,2023-01-14 06:00:00,3,0.05,956.26,Customer_25,East,2020-06-21,Office,335.53
10320,CUST-060,PROD-007,2023-01-14 07:00:00,9,0.1,1137.97,Customer_60,South,2021-02-21,Furniture,140.49
10321,CUST-019,PROD-007,2023-01-14 08:00:00,7,0.1,885.09,Customer_19,South,2020-05-10,Furniture,140.49
10322,CUST-087,PROD-011,2023-01-14 09:00:00,9,0.05,2392.38,Customer_87,North,2021-08-29,Clothing,279.81
10323,CUST-100,PROD-018,2023-01-14 10:00:00,3,0.0,1171.14,Customer_100,East,2021-11-28,Furniture,390.38
10324,CUST-093,PROD-017,2023-01-14 11:00:00,6,0.0,157.44,Customer_93,North,2021-10-10,Electronics,26.24
10325,CUST-055,PROD-009,2023-01-14 12:00:00,6,0.1,1799.12,Customer_55,West,2021-01-17,Furniture,333.17
10326,CUST-057,PROD-013,2023-01-14 13:00:00,9,0.0,,Customer_57,Midwest,2021-01-31,Clothing,256.94
10327,CUST-030,PROD-018,2023-01-14 14:00:00,1,0.2,312.3,Customer_30,West,2020-07-26,Furniture,390.38
10328,CUST-021,PROD-014,2023-01-14 15:00:00,7,0.1,1195.05,Customer_21,West,2020-05-24,Office,189.69
10329,CUST-083,PROD-017,2023-01-14 16:00:00,5,0.1,118.08,Customer_83,East,2021-08-01,Electronics,26.24
10330,CUST-047,PROD-005,2023-01-14 17:00:00,4,0.0,997.92,Customer_47,North,2020-11-22,Clothing,249.48
10331,CUST-056,PROD-001,2023-01-14 18:00:00,2,0.1,302.89,Customer_56,East,2021-01-24,Clothing,168.27
10332,CUST-056,PROD-002,2023-01-14 19:00:00,5,0.05,1874.92,Customer_56,East,2021-01-24,Clothing,394.72
10333,CUST-096,PROD-020,2023-01-14 20:00:00,8,0.2,879.23,Customer_96,West,2021-10-31,Electronics,137.38
10334,CUST-056,PROD-013,2023-01-14 21:00:00,8,0.05,1952.74,Customer_56,East,2021-01-24,Clothing,256.94
10335,CUST-077,PROD-007,2023-01-14 22:00:00,6,0.0,842.94,Customer_77,East,2021-06-20,Furniture,140.49
10336,CUST-010,PROD-007,2023-01-14 23:00:00,9,0.0,1264.41,Customer_10,East,2020-03-08,Furniture,140.49
10337,CUST-078,PROD-018,2023-01-15 00:00:00,5,0.1,1756.71,Customer_78,North,2021-06-27,Furniture,390.38
10338,CUST-069,PROD-020,2023-01-15 01:00:00,9,0.05,1174.6,Customer_69,South,2021-04-25,Electronics,137.38
10339,CUST-058,PROD-019,2023-01-15 02:00:00,7,0.1,1220.12,Customer_58,East,2021-02-07,Electronics,193.67
10340,CUST-072,PROD-003,2023-01-15 03:00:00,9,0.05,1362.53,Customer_72,South,2021-05-16,Office,159.36
10341,CUST-075,PROD-012,2023-01-15 04:00:00,2,0.0,939.62,Customer_75,North,2021-06-06,Furniture,469.81
10342,CUST-064,PROD-013,2023-01-15 05:00:00,4,0.05,976.37,Customer_64,North,2021-03-21,Clothing,256.94
10343,CUST-089,PROD-020,2023-01-15 06:00:00,2,0.1,,Customer_89,Midwest,2021-09-12,Electronics,137.38
10344,CUST-096,PROD-010,2023-01-15 07:00:00,7,0.1,366.72,Customer_96,West,2021-10-31,Clothing,58.21
10345,CUST-092,PROD-003,2023-01-15 08:00:00,1,0.05,151.39,Customer_92,West,2021-10-03,Office,159.36
10346,CUST-100,PROD-017,2033-01-12 09:00:00,6,0.05,149.57,Customer_100,East,2021-11-28,Electronics,26.24
10347,CUST-033,PROD-012,2023-01-15 10:00:00,4,0.0,1879.24,Customer_33,South,2020-08-16,Furniture,469.81
10348,CUST-022,PROD-018,2023-01-15 11:00:00,7,0.1,2459.39,Customer_22,North,2020-05-31,Furniture,390.38
10349,CUST-066,PROD-010,2023-01-15 12:00:00,1,0.2,46.57,Customer_66,East,2021-04-04,Clothing,58.21
10350,CUST-010,PROD-019,2023-01-15 13:00:00,1,0.0,193.67,Customer_10,East,2020-03-08,Electronics,193.67
10351,CUST-013,PROD-011,2023-01-15 14:00:00,1,0.2,223.85,Customer_13,South,2020-03-29,Clothing,279.81
10352,CUST-012,PROD-002,2023-01-15 15:00:00,8,0.2,2526.21,Customer_12,East,2020-03-22,Clothing,394.72
10353,CUST-019,PROD-005,2023-01-15 16:00:00,4,0.2,798.34,Customer_19,South,2020-05-10,Clothing,249.48
10354,CUST-075,PROD-005,2023-01-15 17:00:00,4,0.0,997.92,Customer_75,North,2021-06-06,Clothing,249.48
10355,CUST-009,PROD-020,2023-01-15 18:00:00,3,0.05,391.53,Customer_9,West,2020-03-01,Electronics,137.38
10356,CUST-049,PROD-008,2023-01-15 19:00:00,4,0.05,715.54,Customer_49,West,2020-12-06,Electronics,188.3
10357,CUST-028,PROD-017,2023-01-15 20:00:00,6,0.05,149.57,Customer_28,East,2020-07-12,Electronics,26.24
10358,CUST-098,PROD-016,2023-01-15 21:00:00,1,0.1,385.03,Customer_98,Midwest,2021-11-14,Furniture,427.81
10359,CUST-011,PROD-017,2023-01-15 22:00:00,6,0.0,157.44,Customer_11,West,2020-03-15,Electronics,26.24
10360,CUST-067,PROD-020,2023-01-15 23:00:00,4,0.2,439.62,Customer_67,Midwest,2021-04-11,Electronics,137.38
10361,CUST-054,PROD-010,2023-01-16 00:00:00,7,0.05,387.1,Customer_54,North,2021-01-10,Clothing,58.21
10362,CUST-096,PROD-006,2023-01-16 01:00:00,7,0.0,802.62,Customer_96,West,2021-10-31,Electronics,114.66
10363,CUST-051,PROD-011,2023-01-16 02:00:00,8,0.2,1790.78,Customer_51,Midwest,2020-12-20,Clothing,279.81
10364,CUST-053,PROD-003,2023-01-16 03:00:00,1,0.05,151.39,Customer_53,North,2021-01-03,Office,159.36
10365,CUST-043,PROD-004,2023-01-16 04:00:00,4,0.1,1207.91,Customer_43,Midwest,2020-10-25,Office,335.53
10366,CUST-027,PROD-017,2023-01-16 05:00:00,4,0.0,104.96,Customer_27,South,2020-07-05,Electronics,26.24
10367,CUST-050,PROD-015,2023-01-16 06:00:00,6,0.1,1466.37,Customer_50,East,2020-12-13,Furniture,271.55
10368,CUST-061,PROD-019,2023-01-16 07:00:00,4,0.1,697.21,Customer_61,East,2021-02-28,Electronics,193.67
10369,CUST-069,PROD-013,2023-01-16 08:00:00,7,0.05,1708.65,Customer_69,South,2021-04-25,Clothing,256.94
10370,CUST-008,PROD-016,2023-01-16 09:00:00,6,0.2,,Customer_8,South,2020-02-23,Furniture,427.81
10371,CUST-072,PROD-007,2023-01-16 10:00:00,3,0.1,379.32,Customer_72,South,2021-05-16,Furniture,140.49
10372,CUST-039,PROD-012,2023-01-16 11:00:00,7,0.1,2959.8,Customer_39,South,2020-09-27,Furniture,469.81
10373,CUST-074,PROD-006,2023-01-16 12:00:00,7,0.05,762.49,Customer_74,South,2021-05-30,Electronics,114.66
10374,CUST-052,PROD-010,2023-01-16 13:00:00,9,0.05,497.7,Customer_52,North,2020-12-27,Clothing,58.21
10375,CUST-091,PROD-006,2023-01-16 14:00:00,1,0.1,103.19,Customer_91,Midwest,2021-09-26,Electronics,114.66
10376,CUST-070,PROD-005,2023-01-16 15:00:00,4,0.2,798.34,Customer_70,East,2021-05-02,Clothing,249.48
10377,CUST-017,PROD-012,2023-01-16 16:00:00,7,0.1,2959.8,Customer_17,East,2020-04-26,Furniture,469.81
10378,CUST-097,PROD-014,2023-01-16 17:00:00,3,0.2,455.26,Customer_97,North,2021-11-07,Office,189.69
10379,CUST-047,PROD-004,2023-01-16 18:00:00,5,0.05,1593.77,Customer_47,North,2020-11-22,Office,335.53
10380,CUST-060,PROD-008,2023-01-16 19:00:00,-3,0.05,-536.66,Customer_60,South,2021-02-21,Electronics,188.3
10381,CUST-083,PROD-010,2023-01-16 20:00:00,2,0.1,104.78,Customer_83,East,2021-08-01,Clothing,58.21
10382,CUST-025,PROD-013,2023-01-16 21:00:00,-7,0.1,-1618.72,Customer_25,East,2020-06-21,Clothing,256.94
10383,CUST-077,PROD-006,2023-01-16 22:00:00,6,0.05,,Customer_77,East,2021-06-20,Electronics,114.66
10384,CUST-071,PROD-005,2023-01-16 23:00:00,9,0.1,,Customer_71,Midwest,2021-05-09,Clothing,249.48
10385,CUST-999,PROD-008,2023-01-17 00:00:00,8,0.2,1205.12,,,,Electronics,188.3
10386,CUST-072,PROD-018,2023-01-17 01:00:00,8,0.0,3123.04,Customer_72,South,2021-05-16,Furniture,390.38
10387,CUST-078,PROD-009,2023-01-17 02:00:00,8,0.05,2532.09,Customer_78,North,2021-06-27,Furniture,333.17
10388,CUST-069,PROD-014,2023-01-17 03:00:00,2,0.2,303.5,Customer_69,South,2021-04-25,Office,189.69
10389,CUST-015,PROD-010,2023-01-17 04:00:00,8,0.1,419.11,Customer_15,East,2020-04-12,Clothing,58.21
10390,CUST-088,PROD-013,2023-01-17 05:00:00,7,0.1,1618.72,Customer_88,Midwest,2021-09-05,Clothing,256.94
10391,CUST-084,PROD-011,2023-01-17 06:00:00,7,0.2,,Customer_84,East,2021-08-08,Clothing,279.81
10392,CUST-026,PROD-018,2023-01-17 07:00:00,1,0.1,351.34,Customer_26,West,2020-06-28,Furniture,390.38
10393,CUST-034,PROD-019,2023-01-17 08:00:00,9,0.2,1394.42,Customer_34,South,2020-08-23,Electronics,193.67
10394,CUST-010,PROD-006,2023-01-17 09:00:00,3,0.2,275.18,Customer_10,East,2020-03-08,Electronics,114.66
10395,CUST-059,PROD-003,2023-01-17 10:00:00,7,0.0,1115.52,Customer_59,South,2021-02-14,Office,159.36
10396,CUST-002,PROD-020,2023-01-17 11:00:00,9,0.2,,Customer_2,South,2020-01-12,Electronics,137.38
10397,CUST-062,PROD-014,2023-01-17 12:00:00,4,0.1,,Customer_62,Midwest,2021-03-07,Office,189.69
10398,CUST-999,PROD-009,2023-01-17 13:00:00,3,0.1,899.56,,,,Furniture,333.17
10399,CUST-023,PROD-019,2023-01-17 14:00:00,6,0.1,1045.82,Customer_23,South,2020-06-07,Electronics,193.67
10400,CUST-034,PROD-011,2023-01-17 15:00:00,6,0.05,1594.92,Customer_34,South,2020-08-23,Clothing,279.81
10401,CUST-002,PROD-019,2023-01-17 15:00:00,6,0.1,1045.82,Customer_2,South,2020-01-12,Electronics,193.67
10402,CUST-071,PROD-020,2023-01-17 17:00:00,5,0.0,686.9,Customer_71,Midwest,2021-05-09,Electronics,137.38
10403,CUST-083,PROD-005,2023-01-17 18:00:00,9,0.2,1796.26,Customer_83,East,2021-08-01,Clothing,249.48
10404,CUST-008,PROD-011,2023-01-17 19:00:00,8,0.05,2126.56,Customer_8,South,2020-02-23,Clothing,279.81
10405,CUST-068,PROD-015,2023-01-17 20:00:00,1,0.0,271.55,Customer_68,North,2021-04-18,Furniture,271.55
10406,CUST-044,PROD-011,2023-01-17 21:00:00,1,0.05,,Customer_44,South,2020-11-01,Clothing,279.81
10407,CUST-078,PROD-018,2023-01-17 22:00:00,3,0.1,,Customer_78,North,2021-06-27,Furniture,390.38
10408,CUST-018,PROD-019,2023-01-17 23:00:00,2,0.05,367.97,Customer_18,South,2020-05-03,Electronics,193.67
10409,CUST-100,PROD-015,2023-01-18 00:00:00,8,0.1,1955.16,Customer_100,East,2021-11-28,Furniture,271.55
10410,CUST-090,PROD-019,2023-01-18 01:00:00,-4,0.2,-619.74,Customer_90,Midwest,2021-09-19,Electronics,193.67
10411,CUST-019,PROD-016,2023-01-18 02:00:00,3,0.1,1155.09,Customer_19,South,2020-05-10,Furniture,427.81
10412,CUST-004,PROD-011,2023-01-18 03:00:00,4,0.0,1119.24,Customer_4,South,2020-01-26,Clothing,279.81
10413,CUST-045,PROD-008,2023-01-18 04:00:00,9,0.0,1694.7,Customer_45,East,2020-11-08,Electronics,188.3
10414,CUST-999,PROD-004,2023-01-18 05:00:00,4,0.0,1342.12,,,,Office,335.53
10415,CUST-045,PROD-003,2023-01-18 06:00:00,4,0.2,509.95,Customer_45,East,2020-11-08,Office,159.36
10416,CUST-044,PROD-011,2023-01-18 07:00:00,6,0.0,1678.86,Customer_44,South,2020-11-01,Clothing,279.81
10417,CUST-001,PROD-010,2023-01-18 08:00:00,9,0.0,523.89,Customer_1,East,2020-01-05,Clothing,58.21
10418,CUST-043,PROD-017,2023-01-18 09:00:00,6,0.0,157.44,Customer_43,Midwest,2020-10-25,Electronics,26.24
10419,CUST-068,PROD-020,2023-01-18 10:00:00,2,0.1,247.28,Customer_68,North,2021-04-18,Electronics,137.38
10420,CUST-098,PROD-001,2023-01-18 11:00:00,9,0.1,1362.99,Customer_98,Midwest,2021-11-14,Clothing,168.27
10421,CUST-006,PROD-014,2023-01-18 12:00:00,3,0.05,540.62,Customer_6,West,2020-02-09,Office,189.69
10422,CUST-026,PROD-005,2023-01-18 13:00:00,7,0.0,1746.36,Customer_26,West,2020-06-28,Clothing,249.48
10423,CUST-064,PROD-003,2023-01-18 14:00:00,3,0.05,454.18,Customer_64,North,2021-03-21,Office,159.36
10424,CUST-072,PROD-002,2023-01-18 15:00:00,3,0.05,,Customer_72,South,2021-05-16,Clothing,394.72
10425,CUST-009,PROD-006,2023-01-18 16:00:00,8,0.0,917.28,Customer_9,West,2020-03-01,Electronics,114.66
10426,CUST-053,PROD-009,2023-01-18 17:00:00,1000,0.0,333170.0,Customer_53,North,2021-01-03,Furniture,333.17
10427,CUST-015,PROD-008,2023-01-18 18:00:00,3,0.05,536.66,Customer_15,East,2020-04-12,Electronics,188.3
10428,CUST-086,PROD-015,2023-01-18 19:00:00,8,0.2,1737.92,Customer_86,Midwest,2021-08-22,Furniture,271.55
10429,CUST-016,PROD-005,2023-01-18 20:00:00,6,0.05,1422.04,Customer_16,South,2020-04-19,Clothing,249.48
10430,CUST-009,PROD-011,2023-01-18 21:00:00,9,0.1,2266.46,Customer_9,West,2020-03-01,Clothing,279.81
10431,CUST-036,PROD-006,2023-01-18 22:00:00,5,0.0,573.3,Customer_36,West,2020-09-06,Electronics,114.66
10432,CUST-021,PROD-006,2023-01-18 23:00:00,9,0.1,928.75,Customer_21,West,2020-05-24,Electronics,114.66
10433,CUST-026,PROD-002,2023-01-19 00:00:00,1,0.05,374.98,Customer_26,West,2020-06-28,Clothing,394.72
10434,CUST-044,PROD-006,2023-01-19 01:00:00,6,0.2,,Customer_44,South,2020-11-01,Electronics,114.66
10435,CUST-037,PROD-002,2023-01-19 02:00:00,8,0.2,2526.21,Customer_37,East,2020-09-13,Clothing,394.72
10436,CUST-086,PROD-001,2023-01-19 03:00:00,5,0.2,673.08,Customer_86,Midwest,2021-08-22,Clothing,168.27
10437,CUST-080,PROD-008,2023-01-19 04:00:00,8,0.1,1355.76,Customer_80,North,2021-07-11,Electronics,188.3
10438,CUST-049,PROD-020,2023-01-19 05:00:00,0,0.0,,Customer_49,West,2020-12-06,Electronics,137.38
10439,CUST-003,PROD-015,2023-01-19 06:00:00,1,0.1,244.4,Customer_3,East,2020-01-19,Furniture,271.55
10440,CUST-078,PROD-015,2023-01-19 06:00:00,1,0.0,,Customer_78,North,2021-06-27,Furniture,271.55
10441,CUST-006,PROD-009,2023-01-19 08:00:00,4,0.2,1066.14,Customer_6,West,2020-02-09,Furniture,333.17
10442,CUST-085,PROD-012,2023-01-19 09:00:00,3,0.2,1127.54,Customer_85,West,2021-08-15,Furniture,469.81
10443,CUST-048,PROD-015,2023-01-19 10:00:00,7,0.0,1900.85,Customer_48,Midwest,2020-11-29,Furniture,271.55
10444,CUST-049,PROD-006,2023-01-19 11:00:00,4,0.0,458.64,Customer_49,West,2020-12-06,Electronics,114.66
10445,CUST-098,PROD-011,2023-01-19 11:00:00,1,0.05,265.82,Customer_98,Midwest,2021-11-14,Clothing,279.81
10446,CUST-020,PROD-016,2023-01-19 13:00:00,3,0.2,1026.74,Customer_20,Midwest,2020-05-17,Furniture,427.81
10447,CUST-017,PROD-007,2023-01-19 14:00:00,5,0.05,667.33,Customer_17,East,2020-04-26,Furniture,140.49
10448,CUST-033,PROD-004,2023-01-19 15:00:00,1,0.2,268.42,Customer_33,South,2020-08-16,Office,335.53
10449,CUST-095,PROD-002,2023-01-19 16:00:00,3,0.05,1124.95,Customer_95,Midwest,2021-10-24,Clothing,394.72
10450,CUST-067,PROD-008,2023-01-19 17:00:00,2,0.2,301.28,Customer_67,Midwest,2021-04-11,Electronics,188.3
10451,CUST-052,PROD-017,2023-01-19 18:00:00,9,0.2,188.93,Customer_52,North,2020-12-27,Electronics,26.24
10452,CUST-027,PROD-008,2023-01-19 19:00:00,6,0.0,1129.8,Customer_27,South,2020-07-05,Electronics,188.3
10453,CUST-033,PROD-016,2023-01-19 20:00:00,4,0.0,1711.24,Customer_33,South,2020-08-16,Furniture,427.81
10454,CUST-068,PROD-004,2023-01-19 21:00:00,4,0.0,1342.12,Customer_68,North,2021-04-18,Office,335.53
10455,CUST-054,PROD-005,2023-01-19 22:00:00,8,0.2,1596.67,Customer_54,North,2021-01-10,Clothing,249.48
10456,CUST-088,PROD-008,2023-01-19 23:00:00,8,0.1,1355.76,Customer_88,Midwest,2021-09-05,Electronics,188.3
10457,CUST-028,PROD-010,2023-01-20 00:00:00,9,0.2,419.11,Customer_28,East,2020-07-12,Clothing,58.21
10458,CUST-079,PROD-005,2023-01-20 01:00:00,2,0.0,498.96,Customer_79,East,2021-07-04,Clothing,249.48
10459,CUST-020,PROD-010,2023-01-20 02:00:00,7,0.2,325.98,Customer_20,Midwest,2020-05-17,Clothing,58.21
10460,CUST-043,PROD-007,2023-01-20 03:00:00,9,0.0,1264.41,Customer_43,Midwest,2020-10-25,Furniture,140.49
10461,CUST-074,PROD-002,2023-01-20 04:00:00,5,0.05,1874.92,Customer_74,South,2021-05-30,Clothing,394.72
10462,CUST-087,PROD-015,2023-01-20 05:00:00,2,0.1,488.79,Customer_87,North,2021-08-29,Furniture,271.55
10463,CUST-017,PROD-019,2023-01-20 06:00:00,2,0.0,387.34,Customer_17,East,2020-04-26,Electronics,193.67
10464,CUST-040,PROD-014,2023-01-20 07:00:00,-1,0.05,-180.21,Customer_40,North,2020-10-04,Office,189.69
10465,CUST-008,PROD-009,2023-01-20 08:00:00,8,0.05,2532.09,Customer_8,South,2020-02-23,Furniture,333.17
10466,CUST-072,PROD-012,2023-01-20 09:00:00,6,0.2,,Customer_72,South,2021-05-16,Furniture,469.81
10467,CUST-080,PROD-018,2023-01-20 10:00:00,4,0.1,1405.37,Customer_80,North,2021-07-11,Furniture,390.38
10468,CUST-088,PROD-017,2023-01-20 11:00:00,8,0.0,,Customer_88,Midwest,2021-09-05,Electronics,26.24
10469,CUST-024,PROD-017,2023-01-20 12:00:00,4,0.0,,Customer_24,South,2020-06-14,Electronics,26.24
10470,CUST-019,PROD-019,2023-01-20 13:00:00,-5,0.2,-774.68,Customer_19,South,2020-05-10,Electronics,193.67
10471,CUST-031,PROD-006,2023-01-20 14:00:00,5,0.2,458.64,Customer_31,East,2020-08-02,Electronics,114.66
10472,CUST-026,PROD-002,2023-01-20 15:00:00,6,0.2,1894.66,Customer_26,West,2020-06-28,Clothing,394.72
10473,CUST-087,PROD-010,2023-01-20 16:00:00,6,0.0,349.26,Customer_87,North,2021-08-29,Clothing,58.21
10474,CUST-030,PROD-007,2023-01-20 17:00:00,2,0.1,,Customer_30,West,2020-07-26,Furniture,140.49
10475,CUST-022,PROD-017,2023-01-20 18:00:00,2,0.05,49.86,Customer_22,North,2020-05-31,Electronics,26.24
10476,CUST-055,PROD-002,2023-01-20 19:00:00,6,0.2,,Customer_55,West,2021-01-17,Clothing,394.72
10477,CUST-015,PROD-004,2023-01-20 20:00:00,3,0.05,,Customer_15,East,2020-04-12,Office,335.53
10478,CUST-066,PROD-004,2023-01-20 21:00:00,4,0.2,1073.7,Customer_66,East,2021-04-04,Office,335.53
10479,CUST-034,PROD-018,2023-01-20 22:00:00,9,0.05,3337.75,Customer_34,South,2020-08-23,Furniture,390.38
10480,CUST-067,PROD-007,2023-01-20 23:00:00,4,0.1,505.76,Customer_67,Midwest,2021-04-11,Furniture,140.49
10481,CUST-087,PROD-019,2023-01-21 00:00:00,7,0.2,1084.55,Customer_87,North,2021-08-29,Electronics,193.67
10482,CUST-068,PROD-020,2023-01-21 01:00:00,9,0.05,1174.6,Customer_68,North,2021-04-18,Electronics,137.38
10483,CUST-087,PROD-004,2033-01-18 02:00:00,2,0.05,637.51,Customer_87,North,2021-08-29,Office,335.53
10484,CUST-006,PROD-011,2023-01-21 03:00:00,1,0.2,223.85,Customer_6,West,2020-02-09,Clothing,279.81
10485,CUST-093,PROD-005,2023-01-21 04:00:00,2,0.0,498.96,Customer_93,North,2021-10-10,Clothing,249.48
10486,CUST-061,PROD-019,2023-01-21 05:00:00,8,0.1,1394.42,Customer_61,East,2021-02-28,Electronics,193.67
10487,CUST-082,PROD-018,2023-01-21 06:00:00,9,0.2,2810.74,Customer_82,South,2021-07-25,Furniture,390.38
10488,CUST-093,PROD-001,2023-01-21 07:00:00,1,0.1,151.44,Customer_93,North,2021-10-10,Clothing,168.27
10489,CUST-020,PROD-013,2023-01-21 08:00:00,2,0.1,462.49,Customer_20,Midwest,2020-05-17,Clothing,256.94
10490,CUST-074,PROD-019,2023-01-21 09:00:00,1,0.0,193.67,Customer_74,South,2021-05-30,Electronics,193.67
10491,CUST-047,PROD-009,2023-01-21 10:00:00,7,0.0,2332.19,Customer_47,North,2020-11-22,Furniture,333.17
10492,CUST-100,PROD-014,2023-01-21 11:00:00,2,0.2,303.5,Customer_100,East,2021-11-28,Office,189.69
10493,CUST-090,PROD-012,2023-01-21 12:00:00,3,0.2,1127.54,Customer_90,Midwest,2021-09-19,Furniture,469.81
10494,CUST-012,PROD-019,2023-01-21 13:00:00,4,0.2,619.74,Customer_12,East,2020-03-22,Electronics,193.67
10495,CUST-066,PROD-019,2023-01-21 14:00:00,4,0.1,697.21,Customer_66,East,2021-04-04,Electronics,193.67
10496,CUST-094,PROD-001,2023-01-21 15:00:00,8,0.2,1076.93,Customer_94,North,2021-10-17,Clothing,168.27
10497,CUST-070,PROD-015,2023-01-21 16:00:00,3,0.1,733.18,Customer_70,East,2021-05-02,Furniture,271.55
10498,CUST-027,PROD-008,2023-01-21 17:00:00,6,0.05,1073.31,Customer_27,South,2020-07-05,Electronics,188.3
10499,CUST-083,PROD-003,2023-01-21 18:00:00,8,0.0,1274.88,Customer_83,East,2021-08-01,Office,159.36
10500,CUST-058,PROD-020,2023-01-21 19:00:00,1,0.2,109.9,Customer_58,East,2021-02-07,Electronics,137.38
10501,CUST-053,PROD-012,2023-01-21 20:00:00,-7,0.1,-2959.8,Customer_53,North,2021-01-03,Furniture,469.81
10502,CUST-049,PROD-007,2023-01-21 21:00:00,3,0.0,421.47,Customer_49,West,2020-12-06,Furniture,140.49
10503,CUST-077,PROD-001,2023-01-21 22:00:00,2,0.05,319.71,Customer_77,East,2021-06-20,Clothing,168.27
10504,CUST-023,PROD-020,2023-01-21 23:00:00,6,0.05,783.07,Customer_23,South,2020-06-07,Electronics,137.38
10505,CUST-045,PROD-013,2023-01-22 00:00:00,9,0.1,2081.21,Customer_45,East,2020-11-08,Clothing,256.94
10506,CUST-029,PROD-007,2023-01-22 01:00:00,9,0.05,1201.19,Customer_29,Midwest,2020-07-19,Furniture,140.49
10507,CUST-041,PROD-017,2023-01-22 02:00:00,8,0.1,188.93,Customer_41,Midwest,2020-10-11,Electronics,26.24
10508,CUST-027,PROD-007,2023-01-22 03:00:00,7,0.2,786.74,Customer_27,South,2020-07-05,Furniture,140.49
10509,CUST-076,PROD-007,2023-01-22 04:00:00,1000,0.1,126441.0,Customer_76,East,2021-06-13,Furniture,140.49
10510,CUST-083,PROD-003,2023-01-22 05:00:00,4,0.2,509.95,Customer_83,East,2021-08-01,Office,159.36
10511,CUST-082,PROD-004,2023-01-22 06:00:00,5,0.2,1342.12,Customer_82,South,2021-07-25,Office,335.53
10512,CUST-083,PROD-005,2023-01-22 07:00:00,7,0.2,1397.09,Customer_83,East,2021-08-01,Clothing,249.48
10513,CUST-093,PROD-015,2023-01-22 08:00:00,6,0.05,1547.84,Customer_93,North,2021-10-10,Furniture,271.55
10514,CUST-037,PROD-003,2023-01-22 09:00:00,1,0.2,127.49,Customer_37,East,2020-09-13,Office,159.36
10515,CUST-056,PROD-007,2023-01-22 10:00:00,5,0.2,,Customer_56,East,2021-01-24,Furniture,140.49
10516,CUST-078,PROD-020,2023-01-22 11:00:00,8,0.0,1099.04,Customer_78,North,2021-06-27,Electronics,137.38
10517,CUST-068,PROD-003,2023-01-22 12:00:00,7,0.05,1059.74,Customer_68,North,2021-04-18,Office,159.36
10518,CUST-087,PROD-014,2023-01-22 13:00:00,3,0.1,512.16,Customer_87,North,2021-08-29,Office,189.69
10519,CUST-044,PROD-005,2023-01-22 14:00:00,6,0.0,1496.88,Customer_44,South,2020-11-01,Clothing,249.48
10520,CUST-031,PROD-008,2023-01-22 15:00:00,6,0.05,1073.31,Customer_31,East,2020-08-02,Electronics,188.3
10521,CUST-007,PROD-005,2023-01-22 16:00:00,2,0.0,498.96,Customer_7,North,2020-02-16,Clothing,249.48
10522,CUST-080,PROD-007,2023-01-22 17:00:00,9,0.1,1137.97,Customer_80,North,2021-07-11,Furniture,140.49
10523,CUST-010,PROD-011,2023-01-22 18:00:00,7,0.05,1860.74,Customer_10,East,2020-03-08,Clothing,279.81
10524,CUST-047,PROD-012,2023-01-22 19:00:00,2,0.0,939.62,Customer_47,North,2020-11-22,Furniture,469.81
10525,CUST-014,PROD-007,2033-01-19 20:00:00,2,0.0,280.98,Customer_14,North,2020-04-05,Furniture,140.49
10526,CUST-076,PROD-017,2023-01-22 21:00:00,3,0.05,74.78,Customer_76,East,2021-06-13,Electronics,26.24
10527,CUST-078,PROD-008,2023-01-22 22:00:00,8,0.0,1506.4,Customer_78,North,2021-06-27,Electronics,188.3
10528,CUST-031,PROD-002,2023-01-22 23:00:00,9,0.0,3552.48,Customer_31,East,2020-08-02,Clothing,394.72
10529,CUST-065,PROD-006,2023-01-23 00:00:00,3,0.1,309.58,Customer_65,South,2021-03-28,Electronics,114.66
10530,CUST-073,PROD-017,2023-01-23 01:00:00,4,0.05,,Customer_73,North,2021-05-23,Electronics,26.24
10531,CUST-033,PROD-014,2023-01-23 02:00:00,5,0.05,901.03,Customer_33,South,2020-08-16,Office,189.69
10532,CUST-041,PROD-019,2023-01-23 03:00:00,1,0.0,193.67,Customer_41,Midwest,2020-10-11,Electronics,193.67
10533,CUST-065,PROD-005,2023-01-23 04:00:00,4,0.1,898.13,Customer_65,South,2021-03-28,Clothing,249.48
10534,CUST-078,PROD-019,2023-01-23 05:00:00,3,0.0,581.01,Customer_78,North,2021-06-27,Electronics,193.67
10535,CUST-013,PROD-013,2023-01-23 06:00:00,3,0.1,693.74,Customer_13,South,2020-03-29,Clothing,256.94
10536,CUST-007,PROD-011,2023-01-23 07:00:00,3,0.05,797.46,Customer_7,North,2020-02-16,Clothing,279.81
10537,CUST-049,PROD-011,2023-01-23 08:00:00,8,0.05,2126.56,Customer_49,West,2020-12-06,Clothing,279.81
10538,CUST-017,PROD-016,2023-01-23 09:00:00,8,0.1,3080.23,Customer_17,East,2020-04-26,Furniture,427.81
10539,CUST-004,PROD-002,2023-01-23 10:00:00,2,0.0,789.44,Customer_4,South,2020-01-26,Clothing,394.72
10540,CUST-026,PROD-006,2023-01-23 11:00:00,6,0.1,619.16,Customer_26,West,2020-06-28,Electronics,114.66
10541,CUST-034,PROD-013,2023-01-23 12:00:00,5,0.2,1027.76,Customer_34,South,2020-08-23,Clothing,256.94
10542,CUST-055,PROD-011,2023-01-23 13:00:00,5,0.1,1259.14,Customer_55,West,2021-01-17,Clothing,279.81
10543,CUST-048,PROD-007,2023-01-23 14:00:00,-2,0.1,-252.88,Customer_48,Midwest,2020-11-29,Furniture,140.49
10544,CUST-040,PROD-005,2023-01-23 15:00:00,4,0.05,948.02,Customer_40,North,2020-10-04,Clothing,249.48
10545,CUST-032,PROD-005,2023-01-23 16:00:00,6,0.05,1422.04,Customer_32,Midwest,2020-08-09,Clothing,249.48
10546,CUST-068,PROD-016,2023-01-23 17:00:00,4,0.05,,Customer_68,North,2021-04-18,Furniture,427.81
10547,CUST-024,PROD-012,2023-01-23 18:00:00,5,0.1,2114.15,Customer_24,South,2020-06-14,Furniture,469.81
10548,CUST-066,PROD-016,2023-01-23 19:00:00,9,0.2,3080.23,Customer_66,East,2021-04-04,Furniture,427.81
10549,CUST-047,PROD-008,2023-01-23 20:00:00,7,0.0,1318.1,Customer_47,North,2020-11-22,Electronics,188.3
10550,CUST-068,PROD-020,2023-01-23 21:00:00,6,0.1,741.85,Customer_68,North,2021-04-18,Electronics,137.38
10551,CUST-048,PROD-006,2023-01-23 22:00:00,6,0.0,687.96,Customer_48,Midwest,2020-11-29,Electronics,114.66
10552,CUST-017,PROD-020,2023-01-23 23:00:00,7,0.05,913.58,Customer_17,East,2020-04-26,Electronics,137.38
10553,CUST-012,PROD-002,2023-01-24 00:00:00,3,0.1,1065.74,Customer_12,East,2020-03-22,Clothing,394.72
10554,CUST-008,PROD-006,2023-01-24 01:00:00,8,0.2,733.82,Customer_8,South,2020-02-23,Electronics,114.66
10555,CUST-029,PROD-003,2023-01-24 02:00:00,2,0.05,302.78,Customer_29,Midwest,2020-07-19,Office,159.36
10556,CUST-100,PROD-018,2023-01-24 03:00:00,6,0.05,,Customer_100,East,2021-11-28,Furniture,390.38
10557,CUST-091,PROD-016,2033-01-21 04:00:00,6,0.0,2566.86,Customer_91,Midwest,2021-09-26,Furniture,427.81
10558,CUST-999,PROD-008,2023-01-24 05:00:00,6,0.05,1073.31,,,,Electronics,188.3
10559,CUST-007,PROD-003,2023-01-24 06:00:00,5,0.05,,Customer_7,North,2020-02-16,Office,159.36
10560,CUST-082,PROD-014,2023-01-24 07:00:00,2,0.2,303.5,Customer_82,South,2021-07-25,Office,189.69
10561,CUST-046,PROD-008,2023-01-24 08:00:00,4,0.05,715.54,Customer_46,North,2020-11-15,Electronics,188.3
10562,CUST-999,PROD-001,2023-01-24 09:00:00,8,0.1,1211.54,,,,Clothing,168.27
10563,CUST-025,PROD-013,2023-01-24 10:00:00,6,0.0,1541.64,Customer_25,East,2020-06-21,Clothing,256.94
10564,CUST-060,PROD-017,2023-01-24 11:00:00,9,0.2,188.93,Customer_60,South,2021-02-21,Electronics,26.24
10565,CUST-013,PROD-001,2023-01-24 12:00:00,3,0.05,479.57,Customer_13,South,2020-03-29,Clothing,168.27
10566,CUST-022,PROD-007,2023-01-24 13:00:00,5,0.1,632.21,Customer_22,North,2020-05-31,Furniture,140.49
10567,CUST-085,PROD-011,2023-01-24 14:00:00,4,0.0,1119.24,Customer_85,West,2021-08-15,Clothing,279.81
10568,CUST-010,PROD-011,2023-01-24 15:00:00,8,0.0,,Customer_10,East,2020-03-08,Clothing,279.81
10569,CUST-098,PROD-002,2023-01-24 16:00:00,1,0.2,315.78,Customer_98,Midwest,2021-11-14,Clothing,394.72
10570,CUST-068,PROD-016,2023-01-24 17:00:00,6,0.0,2566.86,Customer_68,North,2021-04-18,Furniture,427.81
10571,CUST-070,PROD-014,2023-01-24 18:00:00,4,0.05,,Customer_70,East,2021-05-02,Office,189.69
10572,CUST-062,PROD-012,2023-01-24 19:00:00,1,0.1,422.83,Customer_62,Midwest,2021-03-07,Furniture,469.81
10573,CUST-018,PROD-019,2023-01-24 20:00:00,5,0.05,,Customer_18,South,2020-05-03,Electronics,193.67
10574,CUST-099,PROD-011,2023-01-24 21:00:00,6,0.0,1678.86,Customer_99,East,2021-11-21,Clothing,279.81
10575,CUST-051,PROD-008,2023-01-24 22:00:00,5,0.0,941.5,Customer_51,Midwest,2020-12-20,Electronics,188.3
10576,CUST-037,PROD-015,2023-01-24 23:00:00,7,0.0,1900.85,Customer_37,East,2020-09-13,Furniture,271.55
10577,CUST-085,PROD-005,2023-01-24 23:00:00,7,0.05,,Customer_85,West,2021-08-15,Clothing,249.48
10578,CUST-057,PROD-002,2023-01-25 01:00:00,8,0.05,,Customer_57,Midwest,2021-01-31,Clothing,394.72
10579,CUST-049,PROD-001,2023-01-25 02:00:00,1000,0.2,134616.0,Customer_49,West,2020-12-06,Clothing,168.27
10580,CUST-030,PROD-004,2023-01-25 03:00:00,6,0.1,1811.86,Customer_30,West,2020-07-26,Office,335.53
10581,CUST-012,PROD-003,2023-01-25 04:00:00,4,0.2,,Customer_12,East,2020-03-22,Office,159.36
10582,CUST-028,PROD-015,2023-01-25 05:00:00,9,0.1,2199.56,Customer_28,East,2020-07-12,Furniture,271.55
10583,CUST-014,PROD-007,2023-01-25 06:00:00,3,0.05,400.4,Customer_14,North,2020-04-05,Furniture,140.49
10584,CUST-046,PROD-003,2023-01-25 07:00:00,8,0.1,,Customer_46,North,2020-11-15,Office,159.36
10585,CUST-052,PROD-012,2023-01-25 08:00:00,6,0.0,2818.86,Customer_52,North,2020-12-27,Furniture,469.81
10586,CUST-027,PROD-008,2023-01-25 09:00:00,5,0.2,753.2,Customer_27,South,2020-07-05,Electronics,188.3
10587,CUST-046,PROD-007,2023-01-25 10:00:00,8,0.1,1011.53,Customer_46,North,2020-11-15,Furniture,140.49
10588,CUST-099,PROD-013,2023-01-25 11:00:00,9,0.0,2312.46,Customer_99,East,2021-11-21,Clothing,256.94
10589,CUST-026,PROD-006,2023-01-25 12:00:00,9,0.2,825.55,Customer_26,West,2020-06-28,Electronics,114.66
10590,CUST-027,PROD-018,2023-01-25 13:00:00,1,0.05,370.86,Customer_27,South,2020-07-05,Furniture,390.38
10591,CUST-017,PROD-018,2023-01-25 14:00:00,2,0.0,780.76,Customer_17,East,2020-04-26,Furniture,390.38
10592,CUST-082,PROD-005,2023-01-25 15:00:00,2,0.0,498.96,Customer_82,South,2021-07-25,Clothing,249.48
10593,CUST-055,PROD-015,2023-01-25 16:00:00,7,0.1,1710.76,Customer_55,West,2021-01-17,Furniture,271.55
10594,CUST-051,PROD-017,2023-01-25 17:00:00,1,0.0,26.24,Customer_51,Midwest,2020-12-20,Electronics,26.24
10595,CUST-076,PROD-005,2023-01-25 18:00:00,8,0.05,1896.05,Customer_76,East,2021-06-13,Clothing,249.48
10596,CUST-030,PROD-020,2023-01-25 19:00:00,1,0.05,130.51,Customer_30,West,2020-07-26,Electronics,137.38
10597,CUST-063,PROD-010,2023-01-25 20:00:00,8,0.1,419.11,Customer_63,West,2021-03-14,Clothing,58.21
10598,CUST-072,PROD-002,2023-01-25 21:00:00,1,0.05,374.98,Customer_72,South,2021-05-16,Clothing,394.72
10599,CUST-067,PROD-008,2023-01-25 22:00:00,8,0.2,1205.12,Customer_67,Midwest,2021-04-11,Electronics,188.3
10600,CUST-999,PROD-006,2023-01-25 23:00:00,8,0.1,825.55,,,,Electronics,114.66
10601,CUST-021,PROD-020,2023-01-26 00:00:00,3,0.0,412.14,Customer_21,West,2020-05-24,Electronics,137.38
10602,CUST-067,PROD-009,2023-01-26 01:00:00,3,0.1,899.56,Customer_67,Midwest,2021-04-11,Furniture,333.17
10603,CUST-059,PROD-017,2023-01-26 02:00:00,6,0.2,125.95,Customer_59,South,2021-02-14,Electronics,26.24
10604,CUST-050,PROD-016,2023-01-26 03:00:00,7,0.1,2695.2,Customer_50,East,2020-12-13,Furniture,427.81
10605,CUST-048,PROD-008,2023-01-26 04:00:00,4,0.05,715.54,Customer_48,Midwest,2020-11-29,Electronics,188.3
10606,CUST-079,PROD-001,2023-01-26 05:00:00,4,0.1,605.77,Customer_79,East,2021-07-04,Clothing,168.27
10607,CUST-040,PROD-008,2023-01-26 06:00:00,4,0.1,677.88,Customer_40,North,2020-10-04,Electronics,188.3
10608,CUST-062,PROD-015,2023-01-26 07:00:00,2,0.1,488.79,Customer_62,Midwest,2021-03-07,Furniture,271.55
10609,CUST-072,PROD-012,2023-01-26 08:00:00,5,0.2,1879.24,Customer_72,South,2021-05-16,Furniture,469.81
10610,CUST-081,PROD-013,2023-01-26 09:00:00,1,0.0,256.94,Customer_81,North,2021-07-18,Clothing,256.94
10611,CUST-085,PROD-012,2023-01-26 10:00:00,6,0.0,2818.86,Customer_85,West,2021-08-15,Furniture,469.81
10612,CUST-056,PROD-008,2023-01-26 11:00:00,6,0.2,903.84,Customer_56,East,2021-01-24,Electronics,188.3
10613,CUST-027,PROD-009,2023-01-26 12:00:00,3,0.1,899.56,Customer_27,South,2020-07-05,Furniture,333.17
10614,CUST-022,PROD-019,2023-01-26 13:00:00,7,0.1,1220.12,Customer_22,North,2020-05-31,Electronics,193.67
10615,CUST-084,PROD-012,2023-01-26 14:00:00,4,0.05,1785.28,Customer_84,East,2021-08-08,Furniture,469.81
10616,CUST-088,PROD-009,2023-01-26 15:00:00,9,0.0,2998.53,Customer_88,Midwest,2021-09-05,Furniture,333.17
10617,CUST-050,PROD-016,2023-01-26 16:00:00,3,0.2,1026.74,Customer_50,East,2020-12-13,Furniture,427.81
10618,CUST-012,PROD-010,2023-01-26 17:00:00,2,0.2,93.14,Customer_12,East,2020-03-22,Clothing,58.21
10619,CUST-032,PROD-003,2023-01-26 18:00:00,6,0.0,956.16,Customer_32,Midwest,2020-08-09,Office,159.36
10620,CUST-050,PROD-003,2023-01-26 19:00:00,7,0.1,1003.97,Customer_50,East,2020-12-13,Office,159.36
10621,CUST-006,PROD-001,2023-01-26 20:00:00,3,0.0,504.81,Customer_6,West,2020-02-09,Clothing,168.27
10622,CUST-069,PROD-020,2023-01-26 21:00:00,7,0.2,769.33,Customer_69,South,2021-04-25,Electronics,137.38
10623,CUST-097,PROD-009,2023-01-26 22:00:00,1,0.05,316.51,Customer_97,North,2021-11-07,Furniture,333.17
10624,CUST-078,PROD-009,2023-01-26 23:00:00,8,0.1,2398.82,Customer_78,North,2021-06-27,Furniture,333.17
10625,CUST-030,PROD-020,2023-01-27 00:00:00,9,0.2,989.14,Customer_30,West,2020-07-26,Electronics,137.38
10626,CUST-022,PROD-010,2033-01-24 01:00:00,-4,0.0,-232.84,Customer_22,North,2020-05-31,Clothing,58.21
10627,CUST-031,PROD-008,2023-01-27 02:00:00,3,0.0,564.9,Customer_31,East,2020-08-02,Electronics,188.3
10628,CUST-003,PROD-014,2023-01-27 03:00:00,5,0.2,758.76,Customer_3,East,2020-01-19,Office,189.69
10629,CUST-047,PROD-010,2023-01-27 04:00:00,1,0.1,52.39,Customer_47,North,2020-11-22,Clothing,58.21
10630,CUST-082,PROD-012,2023-01-27 05:00:00,2,0.1,845.66,Customer_82,South,2021-07-25,Furniture,469.81
10631,CUST-021,PROD-008,2023-01-27 06:00:00,4,0.05,715.54,Customer_21,West,2020-05-24,Electronics,188.3
10632,CUST-046,PROD-008,2023-01-27 07:00:00,4,0.05,715.54,Customer_46,North,2020-11-15,Electronics,188.3
10633,CUST-090,PROD-011,2023-01-27 08:00:00,3,0.05,797.46,Customer_90,Midwest,2021-09-19,Clothing,279.81
10634,CUST-004,PROD-014,2023-01-27 09:00:00,1,0.0,189.69,Customer_4,South,2020-01-26,Office,189.69
10635,CUST-017,PROD-005,2023-01-27 10:00:00,6,0.2,1197.5,Customer_17,East,2020-04-26,Clothing,249.48
10636,CUST-097,PROD-018,2023-01-27 11:00:00,4,0.05,1483.44,Customer_97,North,2021-11-07,Furniture,390.38
10637,CUST-019,PROD-009,2023-01-27 12:00:00,4,0.05,1266.05,Customer_19,South,2020-05-10,Furniture,333.17
10638,CUST-043,PROD-019,2023-01-27 13:00:00,3,0.2,464.81,Customer_43,Midwest,2020-10-25,Electronics,193.67
10639,CUST-053,PROD-002,2023-01-27 14:00:00,6,0.1,2131.49,Customer_53,North,2021-01-03,Clothing,394.72
10640,CUST-093,PROD-007,2023-01-27 15:00:00,1,0.05,133.47,Customer_93,North,2021-10-10,Furniture,140.49
10641,CUST-068,PROD-012,2023-01-27 16:00:00,8,0.2,3006.78,Customer_68,North,2021-04-18,Furniture,469.81
10642,CUST-082,PROD-011,2023-01-27 17:00:00,4,0.1,,Customer_82,South,2021-07-25,Clothing,279.81
10643,CUST-037,PROD-015,2023-01-27 18:00:00,2,0.1,488.79,Customer_37,East,2020-09-13,Furniture,271.55
10644,CUST-069,PROD-016,2023-01-27 19:00:00,7,0.05,2844.94,Customer_69,South,2021-04-25,Furniture,427.81
10645,CUST-048,PROD-015,2023-01-27 20:00:00,9,0.1,2199.56,Customer_48,Midwest,2020-11-29,Furniture,271.55
10646,CUST-018,PROD-003,2023-01-27 21:00:00,8,0.1,1147.39,Customer_18,South,2020-05-03,Office,159.36
10647,CUST-045,PROD-008,2023-01-27 22:00:00,7,0.0,1318.1,Customer_45,East,2020-11-08,Electronics,188.3
10648,CUST-038,PROD-009,2023-01-27 23:00:00,6,0.2,1599.22,Customer_38,East,2020-09-20,Furniture,333.17
10649,CUST-057,PROD-017,2023-01-28 00:00:00,8,0.05,199.42,Customer_57,Midwest,2021-01-31,Electronics,26.24
10650,CUST-090,PROD-004,2023-01-28 01:00:00,8,0.1,2415.82,Customer_90,Midwest,2021-09-19,Office,335.53
10651,CUST-018,PROD-018,2023-01-28 02:00:00,4,0.1,1405.37,Customer_18,South,2020-05-03,Furniture,390.38
10652,CUST-007,PROD-005,2023-01-28 03:00:00,7,0.1,1571.72,Customer_7,North,2020-02-16,Clothing,249.48
10653,CUST-999,PROD-020,2023-01-28 04:00:00,1,0.1,123.64,,,,Electronics,137.38
10654,CUST-020,PROD-020,2023-01-28 05:00:00,3,0.0,412.14,Customer_20,Midwest,2020-05-17,Electronics,137.38
10655,CUST-030,PROD-016,2023-01-28 06:00:00,4,0.05,1625.68,Customer_30,West,2020-07-26,Furniture,427.81
10656,CUST-071,PROD-004,2023-01-28 07:00:00,9,0.0,3019.77,Customer_71,Midwest,2021-05-09,Office,335.53
10657,CUST-092,PROD-020,2023-01-28 08:00:00,8,0.1,989.14,Customer_92,West,2021-10-03,Electronics,137.38
10658,CUST-046,PROD-016,2023-01-28 09:00:00,7,0.2,2395.74,Customer_46,North,2020-11-15,Furniture,427.81
10659,CUST-007,PROD-016,2023-01-28 10:00:00,8,0.2,2737.98,Customer_7,North,2020-02-16,Furniture,427.81
10660,CUST-080,PROD-003,2023-01-28 11:00:00,9,0.1,1290.82,Customer_80,North,2021-07-11,Office,159.36
10661,CUST-080,PROD-016,2023-01-28 12:00:00,9,0.1,3465.26,Customer_80,North,2021-07-11,Furniture,427.81
10662,CUST-004,PROD-017,2023-01-28 13:00:00,5,0.05,124.64,Customer_4,South,2020-01-26,Electronics,26.24
10663,CUST-057,PROD-001,2023-01-28 14:00:00,7,0.1,1060.1,Customer_57,Midwest,2021-01-31,Clothing,168.27
10664,CUST-023,PROD-012,2023-01-28 15:00:00,0,0.2,0.0,Customer_23,South,2020-06-07,Furniture,469.81
10665,CUST-013,PROD-019,2023-01-28 16:00:00,5,0.0,968.35,Customer_13,South,2020-03-29,Electronics,193.67
10666,CUST-059,PROD-006,2023-01-28 17:00:00,2,0.1,206.39,Customer_59,South,2021-02-14,Electronics,114.66
10667,CUST-012,PROD-003,2023-01-28 18:00:00,4,0.0,637.44,Customer_12,East,2020-03-22,Office,159.36
10668,CUST-047,PROD-001,2023-01-28 19:00:00,4,0.0,673.08,Customer_47,North,2020-11-22,Clothing,168.27
10669,CUST-076,PROD-017,2023-01-28 20:00:00,5,0.2,104.96,Customer_76,East,2021-06-13,Electronics,26.24
10670,CUST-048,PROD-005,2023-01-28 21:00:00,8,0.0,1995.84,Customer_48,Midwest,2020-11-29,Clothing,249.48
10671,CUST-016,PROD-009,2023-01-28 22:00:00,7,0.1,,Customer_16,South,2020-04-19,Furniture,333.17
10672,CUST-025,PROD-005,2023-01-28 23:00:00,4,0.0,997.92,Customer_25,East,2020-06-21,Clothing,249.48
10673,CUST-035,PROD-016,2023-01-29 00:00:00,2,0.2,684.5,Customer_35,North,2020-08-30,Furniture,427.81
10674,CUST-007,PROD-010,2023-01-29 01:00:00,7,0.0,407.47,Customer_7,North,2020-02-16,Clothing,58.21
10675,CUST-053,PROD-006,2023-01-29 02:00:00,9,0.05,980.34,Customer_53,North,2021-01-03,Electronics,114.66
10676,CUST-006,PROD-016,2023-01-29 03:00:00,2,0.2,684.5,Customer_6,West,2020-02-09,Furniture,427.81
10677,CUST-031,PROD-016,2023-01-29 04:00:00,9,0.1,3465.26,Customer_31,East,2020-08-02,Furniture,427.81
10678,CUST-095,PROD-010,2023-01-29 05:00:00,7,0.1,366.72,Customer_95,Midwest,2021-10-24,Clothing,58.21
10679,CUST-012,PROD-008,2023-01-29 06:00:00,1,0.05,178.88,Customer_12,East,2020-03-22,Electronics,188.3
10680,CUST-079,PROD-016,2023-01-29 07:00:00,4,0.0,1711.24,Customer_79,East,2021-07-04,Furniture,427.81
10681,CUST-023,PROD-018,2023-01-29 08:00:00,7,0.0,2732.66,Customer_23,South,2020-06-07,Furniture,390.38
10682,CUST-011,PROD-013,2023-01-29 09:00:00,7,0.1,1618.72,Customer_11,West,2020-03-15,Clothing,256.94
10683,CUST-079,PROD-013,2023-01-29 10:00:00,5,0.1,1156.23,Customer_79,East,2021-07-04,Clothing,256.94
10684,CUST-042,PROD-020,2023-01-29 11:00:00,6,0.1,741.85,Customer_42,North,2020-10-18,Electronics,137.38
10685,CUST-007,PROD-006,2023-01-29 12:00:00,9,0.05,980.34,Customer_7,North,2020-02-16,Electronics,114.66
10686,CUST-028,PROD-020,2023-01-29 13:00:00,6,0.1,741.85,Customer_28,East,2020-07-12,Electronics,137.38
10687,CUST-069,PROD-016,2023-01-29 14:00:00,9,0.2,,Customer_69,South,2021-04-25,Furniture,427.81
10688,CUST-059,PROD-004,2023-01-29 15:00:00,-4,0.0,-1342.12,Customer_59,South,2021-02-14,Office,335.53
10689,CUST-091,PROD-001,2023-01-29 16:00:00,7,0.2,942.31,Customer_91,Midwest,2021-09-26,Clothing,168.27
10690,CUST-058,PROD-001,2023-01-29 17:00:00,3,0.05,,Customer_58,East,2021-02-07,Clothing,168.27
10691,CUST-062,PROD-002,2023-01-29 18:00:00,8,0.05,2999.87,Customer_62,Midwest,2021-03-07,Clothing,394.72
10692,CUST-999,PROD-006,2023-01-29 19:00:00,8,0.1,825.55,,,,Electronics,114.66
10693,CUST-028,PROD-020,2023-01-29 20:00:00,2,0.05,261.02,Customer_28,East,2020-07-12,Electronics,137.38
10694,CUST-049,PROD-006,2023-01-29 21:00:00,5,0.0,,Customer_49,West,2020-12-06,Electronics,114.66
10695,CUST-031,PROD-011,2023-01-29 22:00:00,2,0.2,447.7,Customer_31,East,2020-08-02,Clothing,279.81
10696,CUST-016,PROD-019,2023-01-29 23:00:00,4,0.05,735.95,Customer_16,South,2020-04-19,Electronics,193.67
10697,CUST-017,PROD-011,2023-01-30 00:00:00,2,0.05,531.64,Customer_17,East,2020-04-26,Clothing,279.81
10698,CUST-999,PROD-002,2023-01-30 01:00:00,8,0.0,3157.76,,,,Clothing,394.72
10699,CUST-069,PROD-012,2023-01-30 02:00:00,6,0.0,2818.86,Customer_69,South,2021-04-25,Furniture,469.81
10700,CUST-038,PROD-004,2023-01-30 03:00:00,7,0.0,2348.71,Customer_38,East,2020-09-20,Office,335.53
10701,CUST-037,PROD-002,2023-01-30 04:00:00,9,0.05,3374.86,Customer_37,East,2020-09-13,Clothing,394.72
10702,CUST-096,PROD-010,2023-01-30 05:00:00,8,0.1,419.11,Customer_96,West,2021-10-31,Clothing,58.21
10703,CUST-078,PROD-019,2023-01-30 06:00:00,6,0.2,929.62,Customer_78,North,2021-06-27,Electronics,193.67
10704,CUST-089,PROD-002,2023-01-30 07:00:00,3,0.2,,Customer_89,Midwest,2021-09-12,Clothing,394.72
10705,CUST-082,PROD-006,2023-01-30 08:00:00,8,0.1,825.55,Customer_82,South,2021-07-25,Electronics,114.66
10706,CUST-015,PROD-010,2023-01-30 09:00:00,2,0.05,110.6,Customer_15,East,2020-04-12,Clothing,58.21
10707,CUST-092,PROD-008,2023-01-30 10:00:00,3,0.1,508.41,Customer_92,West,2021-10-03,Electronics,188.3
10708,CUST-013,PROD-017,2023-01-30 11:00:00,9,0.2,188.93,Customer_13,South,2020-03-29,Electronics,26.24
10709,CUST-060,PROD-019,2023-01-30 12:00:00,7,0.2,1084.55,Customer_60,South,2021-02-21,Electronics,193.67
10710,CUST-086,PROD-016,2023-01-30 13:00:00,0,0.2,0.0,Customer_86,Midwest,2021-08-22,Furniture,427.81
10711,CUST-031,PROD-012,2023-01-30 14:00:00,3,0.05,1338.96,Customer_31,East,2020-08-02,Furniture,469.81
10712,CUST-096,PROD-004,2023-01-30 15:00:00,3,0.1,905.93,Customer_96,West,2021-10-31,Office,335.53
10713,CUST-003,PROD-011,2023-01-30 16:00:00,3,0.0,839.43,Customer_3,East,2020-01-19,Clothing,279.81
10714,CUST-013,PROD-006,2023-01-30 17:00:00,3,0.05,326.78,Customer_13,South,2020-03-29,Electronics,114.66
10715,CUST-087,PROD-009,2023-01-30 18:00:00,4,0.0,1332.68,Customer_87,North,2021-08-29,Furniture,333.17
10716,CUST-063,PROD-008,2023-01-30 19:00:00,3,0.1,508.41,Customer_63,West,2021-03-14,Electronics,188.3
10717,CUST-083,PROD-002,2023-01-30 20:00:00,2,0.05,,Customer_83,East,2021-08-01,Clothing,394.72
10718,CUST-042,PROD-006,2023-01-30 21:00:00,8,0.1,825.55,Customer_42,North,2020-10-18,Electronics,114.66
10719,CUST-012,PROD-009,2023-01-30 22:00:00,5,0.2,1332.68,Customer_12,East,2020-03-22,Furniture,333.17
10720,CUST-045,PROD-002,2023-01-30 23:00:00,3,0.1,1065.74,Customer_45,East,2020-11-08,Clothing,394.72
10721,CUST-030,PROD-020,2023-01-31 00:00:00,2,0.05,261.02,Customer_30,West,2020-07-26,Electronics,137.38
10722,CUST-078,PROD-019,2023-01-31 01:00:00,8,0.0,1549.36,Customer_78,North,2021-06-27,Electronics,193.67
10723,CUST-036,PROD-010,2023-01-31 02:00:00,6,0.0,349.26,Customer_36,West,2020-09-06,Clothing,58.21
10724,CUST-095,PROD-011,2023-01-31 03:00:00,4,0.1,1007.32,Customer_95,Midwest,2021-10-24,Clothing,279.81
10725,CUST-074,PROD-004,2023-01-31 04:00:00,3,0.2,805.27,Customer_74,South,2021-05-30,Office,335.53
10726,CUST-097,PROD-017,2023-01-31 05:00:00,3,0.2,,Customer_97,North,2021-11-07,Electronics,26.24
10727,CUST-999,PROD-005,2023-01-31 06:00:00,1,0.05,237.01,,,,Clothing,249.48
10728,CUST-043,PROD-014,2023-01-31 07:00:00,3,0.05,540.62,Customer_43,Midwest,2020-10-25,Office,189.69
10729,CUST-010,PROD-019,2023-01-31 08:00:00,1,0.2,154.94,Customer_10,East,2020-03-08,Electronics,193.67
10730,CUST-016,PROD-009,2023-01-31 09:00:00,8,0.05,2532.09,Customer_16,South,2020-04-19,Furniture,333.17
10731,CUST-071,PROD-002,2023-01-31 10:00:00,1,0.0,394.72,Customer_71,Midwest,2021-05-09,Clothing,394.72
10732,CUST-006,PROD-012,2023-01-31 11:00:00,3,0.0,,Customer_6,West,2020-02-09,Furniture,469.81
10733,CUST-999,PROD-016,2023-01-31 12:00:00,9,0.1,3465.26,,,,Furniture,427.81
10734,CUST-097,PROD-019,2023-01-31 13:00:00,4,0.05,735.95,Customer_97,North,2021-11-07,Electronics,193.67
10735,CUST-043,PROD-014,2023-01-31 14:00:00,7,0.0,1327.83,Customer_43,Midwest,2020-10-25,Office,189.69
10736,CUST-060,PROD-011,2023-01-31 15:00:00,4,0.2,895.39,Customer_60,South,2021-02-21,Clothing,279.81
10737,CUST-024,PROD-018,2023-01-31 16:00:00,9,0.05,3337.75,Customer_24,South,2020-06-14,Furniture,390.38
10738,CUST-093,PROD-019,2023-01-31 17:00:00,4,0.05,735.95,Customer_93,North,2021-10-10,Electronics,193.67
10739,CUST-090,PROD-009,2023-01-31 18:00:00,3,0.0,999.51,Customer_90,Midwest,2021-09-19,Furniture,333.17
10740,CUST-056,PROD-015,2023-01-31 19:00:00,3,0.05,773.92,Customer_56,East,2021-01-24,Furniture,271.55
10741,CUST-035,PROD-005,2023-01-31 20:00:00,3,0.1,673.6,Customer_35,North,2020-08-30,Clothing,249.48
10742,CUST-027,PROD-016,2023-01-31 21:00:00,7,0.2,2395.74,Customer_27,South,2020-07-05,Furniture,427.81
10743,CUST-087,PROD-001,2023-01-31 22:00:00,3,0.05,479.57,Customer_87,North,2021-08-29,Clothing,168.27
10744,CUST-066,PROD-018,2023-01-31 23:00:00,3,0.2,936.91,Customer_66,East,2021-04-04,Furniture,390.38
10745,CUST-056,PROD-013,2023-02-01 00:00:00,5,0.2,1027.76,Customer_56,East,2021-01-24,Clothing,256.94
10746,CUST-029,PROD-006,2023-02-01 01:00:00,4,0.1,412.78,Customer_29,Midwest,2020-07-19,Electronics,114.66
10747,CUST-026,PROD-011,2023-02-01 02:00:00,3,0.0,839.43,Customer_26,West,2020-06-28,Clothing,279.81
10748,CUST-099,PROD-004,2023-02-01 03:00:00,4,0.1,1207.91,Customer_99,East,2021-11-21,Office,335.53
10749,CUST-039,PROD-006,2023-02-01 04:00:00,4,0.1,,Customer_39,South,2020-09-27,Electronics,114.66
10750,CUST-004,PROD-011,2023-02-01 05:00:00,2,0.2,447.7,Customer_4,South,2020-01-26,Clothing,279.81
10751,CUST-029,PROD-001,2023-02-01 06:00:00,7,0.0,1177.89,Customer_29,Midwest,2020-07-19,Clothing,168.27
10752,CUST-051,PROD-012,2023-02-01 07:00:00,6,0.2,2255.09,Customer_51,Midwest,2020-12-20,Furniture,469.81
10753,CUST-075,PROD-012,2023-02-01 08:00:00,0,0.2,,Customer_75,North,2021-06-06,Furniture,469.81
10754,CUST-050,PROD-003,2023-02-01 09:00:00,4,0.0,637.44,Customer_50,East,2020-12-13,Office,159.36
10755,CUST-048,PROD-018,2023-02-01 10:00:00,1,0.2,312.3,Customer_48,Midwest,2020-11-29,Furniture,390.38
10756,CUST-002,PROD-012,2023-02-01 11:00:00,3,0.2,1127.54,Customer_2,South,2020-01-12,Furniture,469.81
10757,CUST-098,PROD-003,2023-02-01 12:00:00,-9,0.0,-1434.24,Customer_98,Midwest,2021-11-14,Office,159.36
10758,CUST-024,PROD-002,2023-02-01 13:00:00,7,0.05,2624.89,Customer_24,South,2020-06-14,Clothing,394.72
10759,CUST-096,PROD-012,2023-02-01 14:00:00,1000,0.1,422829.0,Customer_96,West,2021-10-31,Furniture,469.81
10760,CUST-028,PROD-004,2023-02-01 15:00:00,1,0.1,301.98,Customer_28,East,2020-07-12,Office,335.53
10761,CUST-038,PROD-005,2023-02-01 16:00:00,2,0.0,498.96,Customer_38,East,2020-09-20,Clothing,249.48
10762,CUST-055,PROD-001,2023-02-01 17:00:00,2,0.0,336.54,Customer_55,West,2021-01-17,Clothing,168.27
10763,CUST-062,PROD-006,2023-02-01 18:00:00,6,0.05,653.56,Customer_62,Midwest,2021-03-07,Electronics,114.66
10764,CUST-082,PROD-020,2023-02-01 19:00:00,-6,0.2,-659.42,Customer_82,South,2021-07-25,Electronics,137.38
10765,CUST-999,PROD-017,2023-02-01 20:00:00,3,0.2,62.98,,,,Electronics,26.24
10766,CUST-019,PROD-001,2023-02-01 21:00:00,2,0.0,336.54,Customer_19,South,2020-05-10,Clothing,168.27
10767,CUST-051,PROD-016,2023-02-01 22:00:00,2,0.1,770.06,Customer_51,Midwest,2020-12-20,Furniture,427.81
10768,CUST-086,PROD-008,2023-02-01 23:00:00,3,0.2,451.92,Customer_86,Midwest,2021-08-22,Electronics,188.3
10769,CUST-009,PROD-016,2023-02-02 00:00:00,1,0.05,406.42,Customer_9,West,2020-03-01,Furniture,427.81
10770,CUST-064,PROD-008,2023-02-02 01:00:00,9,0.05,1609.96,Customer_64,North,2021-03-21,Electronics,188.3
10771,CUST-078,PROD-020,2023-02-02 02:00:00,5,0.2,,Customer_78,North,2021-06-27,Electronics,137.38
10772,CUST-033,PROD-005,2023-02-02 03:00:00,6,0.05,1422.04,Customer_33,South,2020-08-16,Clothing,249.48
10773,CUST-010,PROD-017,2023-02-02 04:00:00,4,0.1,94.46,Customer_10,East,2020-03-08,Electronics,26.24
10774,CUST-008,PROD-012,2023-02-02 04:00:00,9,0.1,3805.46,Customer_8,South,2020-02-23,Furniture,469.81
10775,CUST-053,PROD-006,2023-02-02 06:00:00,9,0.1,928.75,Customer_53,North,2021-01-03,Electronics,114.66
10776,CUST-039,PROD-012,2023-02-02 07:00:00,8,0.1,3382.63,Customer_39,South,2020-09-27,Furniture,469.81
10777,CUST-052,PROD-001,2023-02-02 08:00:00,1,0.2,,Customer_52,North,2020-12-27,Clothing,168.27
10778,CUST-016,PROD-005,2023-02-02 09:00:00,6,0.1,1347.19,Customer_16,South,2020-04-19,Clothing,249.48
10779,CUST-062,PROD-006,2023-02-02 10:00:00,2,0.0,229.32,Customer_62,Midwest,2021-03-07,Electronics,114.66
10780,CUST-097,PROD-008,2023-02-02 11:00:00,8,0.2,1205.12,Customer_97,North,2021-11-07,Electronics,188.3
10781,CUST-043,PROD-003,2023-02-02 12:00:00,2,0.2,254.98,Customer_43,Midwest,2020-10-25,Office,159.36
10782,CUST-014,PROD-004,2023-02-02 13:00:00,6,0.2,1610.54,Customer_14,North,2020-04-05,Office,335.53
10783,CUST-049,PROD-002,2023-02-02 14:00:00,5,0.0,1973.6,Customer_49,West,2020-12-06,Clothing,394.72
10784,CUST-999,PROD-001,2023-02-02 15:00:00,5,0.1,757.22,,,,Clothing,168.27
10785,CUST-097,PROD-019,2023-02-02 16:00:00,8,0.05,1471.89,Customer_97,North,2021-11-07,Electronics,193.67
10786,CUST-081,PROD-019,2033-01-30 17:00:00,4,0.1,697.21,Customer_81,North,2021-07-18,Electronics,193.67
10787,CUST-083,PROD-010,2023-02-02 18:00:00,4,0.05,221.2,Customer_83,East,2021-08-01,Clothing,58.21
10788,CUST-033,PROD-017,2023-02-02 19:00:00,7,0.05,,Customer_33,South,2020-08-16,Electronics,26.24
10789,CUST-057,PROD-017,2023-02-02 19:00:00,8,0.1,188.93,Customer_57,Midwest,2021-01-31,Electronics,26.24
10790,CUST-089,PROD-019,2023-02-02 21:00:00,2,0.05,367.97,Customer_89,Midwest,2021-09-12,Electronics,193.67
10791,CUST-040,PROD-018,2023-02-02 22:00:00,3,0.0,1171.14,Customer_40,North,2020-10-04,Furniture,390.38
10792,CUST-013,PROD-018,2023-02-02 23:00:00,8,0.05,2966.89,Customer_13,South,2020-03-29,Furniture,390.38
10793,CUST-020,PROD-010,2023-02-03 00:00:00,3,0.05,,Customer_20,Midwest,2020-05-17,Clothing,58.21
10794,CUST-083,PROD-003,2023-02-03 01:00:00,4,0.0,637.44,Customer_83,East,2021-08-01,Office,159.36
10795,CUST-057,PROD-020,2023-02-03 02:00:00,2,0.2,219.81,Customer_57,Midwest,2021-01-31,Electronics,137.38
10796,CUST-021,PROD-020,2023-02-03 03:00:00,9,0.2,989.14,Customer_21,West,2020-05-24,Electronics,137.38
10797,CUST-061,PROD-005,2023-02-03 04:00:00,3,0.2,598.75,Customer_61,East,2021-02-28,Clothing,249.48
10798,CUST-096,PROD-003,2023-02-03 05:00:00,4,0.0,637.44,Customer_96,West,2021-10-31,Office,159.36
10799,CUST-024,PROD-018,2023-02-03 06:00:00,2,0.1,702.68,Customer_24,South,2020-06-14,Furniture,390.38
10800,CUST-058,PROD-015,2023-02-03 07:00:00,4,0.0,,Customer_58,East,2021-02-07,Furniture,271.55
10801,CUST-092,PROD-001,2023-02-03 08:00:00,6,0.0,1009.62,Customer_92,West,2021-10-03,Clothing,168.27
10802,CUST-999,PROD-001,2023-02-03 09:00:00,4,0.2,538.46,,,,Clothing,168.27
10803,CUST-021,PROD-013,2023-02-03 10:00:00,9,0.05,,Customer_21,West,2020-05-24,Clothing,256.94
10804,CUST-041,PROD-009,2023-02-03 11:00:00,9,0.1,2698.68,Customer_41,Midwest,2020-10-11,Furniture,333.17
10805,CUST-099,PROD-006,2023-02-03 12:00:00,2,0.2,183.46,Customer_99,East,2021-11-21,Electronics,114.66
10806,CUST-082,PROD-002,2023-02-03 13:00:00,1,0.05,374.98,Customer_82,South,2021-07-25,Clothing,394.72
10807,CUST-053,PROD-015,2023-02-03 14:00:00,6,0.0,1629.3,Customer_53,North,2021-01-03,Furniture,271.55
10808,CUST-091,PROD-016,2023-02-03 15:00:00,8,0.05,3251.36,Customer_91,Midwest,2021-09-26,Furniture,427.81
10809,CUST-054,PROD-020,2023-02-03 16:00:00,4,0.0,549.52,Customer_54,North,2021-01-10,Electronics,137.38
10810,CUST-034,PROD-013,2023-02-03 17:00:00,7,0.2,1438.86,Customer_34,South,2020-08-23,Clothing,256.94
10811,CUST-081,PROD-008,2023-02-03 18:00:00,5,0.0,941.5,Customer_81,North,2021-07-18,Electronics,188.3
10812,CUST-049,PROD-009,2023-02-03 19:00:00,4,0.0,1332.68,Customer_49,West,2020-12-06,Furniture,333.17
10813,CUST-012,PROD-019,2023-02-03 20:00:00,5,0.1,871.52,Customer_12,East,2020-03-22,Electronics,193.67
10814,CUST-079,PROD-005,2023-02-03 21:00:00,3,0.05,711.02,Customer_79,East,2021-07-04,Clothing,249.48
10815,CUST-094,PROD-006,2023-02-03 22:00:00,9,0.2,825.55,Customer_94,North,2021-10-17,Electronics,114.66
10816,CUST-016,PROD-018,2023-02-03 23:00:00,1,0.05,370.86,Customer_16,South,2020-04-19,Furniture,390.38
10817,CUST-082,PROD-020,2023-02-04 00:00:00,7,0.2,769.33,Customer_82,South,2021-07-25,Electronics,137.38
10818,CUST-064,PROD-018,2023-02-04 01:00:00,1000,0.1,351342.0,Customer_64,North,2021-03-21,Furniture,390.38
10819,CUST-076,PROD-015,2023-02-04 02:00:00,6,0.0,1629.3,Customer_76,East,2021-06-13,Furniture,271.55
10820,CUST-038,PROD-013,2023-02-04 03:00:00,4,0.0,1027.76,Customer_38,East,2020-09-20,Clothing,256.94
10821,CUST-999,PROD-006,2023-02-04 04:00:00,5,0.1,,,,,Electronics,114.66
10822,CUST-036,PROD-001,2023-02-04 05:00:00,5,0.05,799.28,Customer_36,West,2020-09-06,Clothing,168.27
10823,CUST-099,PROD-001,2023-02-04 06:00:00,8,0.2,1076.93,Customer_99,East,2021-11-21,Clothing,168.27
10824,CUST-054,PROD-011,2023-02-04 07:00:00,5,0.2,,Customer_54,North,2021-01-10,Clothing,279.81
10825,CUST-013,PROD-001,2023-02-04 08:00:00,8,0.1,1211.54,Customer_13,South,2020-03-29,Clothing,168.27
10826,CUST-090,PROD-007,2023-02-04 09:00:00,1,0.2,112.39,Customer_90,Midwest,2021-09-19,Furniture,140.49
10827,CUST-070,PROD-002,2023-02-04 10:00:00,3,0.1,1065.74,Customer_70,East,2021-05-02,Clothing,394.72
10828,CUST-035,PROD-007,2023-02-04 11:00:00,8,0.0,1123.92,Customer_35,North,2020-08-30,Furniture,140.49
10829,CUST-055,PROD-012,2023-02-04 12:00:00,3,0.1,1268.49,Customer_55,West,2021-01-17,Furniture,469.81
10830,CUST-075,PROD-016,2023-02-04 13:00:00,3,0.2,1026.74,Customer_75,North,2021-06-06,Furniture,427.81
10831,CUST-029,PROD-003,2023-02-04 14:00:00,3,0.1,430.27,Customer_29,Midwest,2020-07-19,Office,159.36
10832,CUST-065,PROD-003,2023-02-04 15:00:00,2,0.2,254.98,Customer_65,South,2021-03-28,Office,159.36
10833,CUST-066,PROD-004,2023-02-04 16:00:00,1,0.0,335.53,Customer_66,East,2021-04-04,Office,335.53
10834,CUST-057,PROD-003,2023-02-04 17:00:00,7,0.1,1003.97,Customer_57,Midwest,2021-01-31,Office,159.36
10835,CUST-042,PROD-006,2023-02-04 18:00:00,9,0.0,1031.94,Customer_42,North,2020-10-18,Electronics,114.66
10836,CUST-042,PROD-002,2023-02-04 19:00:00,7,0.05,2624.89,Customer_42,North,2020-10-18,Clothing,394.72
10837,CUST-065,PROD-016,2023-02-04 20:00:00,7,0.1,2695.2,Customer_65,South,2021-03-28,Furniture,427.81
10838,CUST-054,PROD-005,2023-02-04 21:00:00,6,0.05,1422.04,Customer_54,North,2021-01-10,Clothing,249.48
10839,CUST-043,PROD-010,2023-02-04 22:00:00,9,0.1,471.5,Customer_43,Midwest,2020-10-25,Clothing,58.21
10840,CUST-064,PROD-014,2023-02-04 23:00:00,2,0.2,303.5,Customer_64,North,2021-03-21,Office,189.69
10841,CUST-052,PROD-003,2023-02-05 00:00:00,9,0.0,1434.24,Customer_52,North,2020-12-27,Office,159.36
10842,CUST-028,PROD-014,2023-02-05 01:00:00,6,0.2,910.51,Customer_28,East,2020-07-12,Office,189.69
10843,CUST-088,PROD-020,2023-02-05 02:00:00,5,0.2,549.52,Customer_88,Midwest,2021-09-05,Electronics,137.38
10844,CUST-032,PROD-016,2023-02-05 03:00:00,2,0.2,684.5,Customer_32,Midwest,2020-08-09,Furniture,427.81
10845,CUST-057,PROD-006,2023-02-05 04:00:00,8,0.05,871.42,Customer_57,Midwest,2021-01-31,Electronics,114.66
10846,CUST-041,PROD-002,2023-02-05 05:00:00,9,0.1,3197.23,Customer_41,Midwest,2020-10-11,Clothing,394.72
10847,CUST-083,PROD-003,2023-02-05 06:00:00,1,0.2,127.49,Customer_83,East,2021-08-01,Office,159.36
10848,CUST-049,PROD-006,2023-02-05 07:00:00,1,0.2,91.73,Customer_49,West,2020-12-06,Electronics,114.66
10849,CUST-016,PROD-003,2023-02-05 08:00:00,4,0.2,509.95,Customer_16,South,2020-04-19,Office,159.36
10850,CUST-003,PROD-006,2023-02-05 09:00:00,1,0.1,103.19,Customer_3,East,2020-01-19,Electronics,114.66
10851,CUST-067,PROD-012,2023-02-05 10:00:00,0,0.05,0.0,Customer_67,Midwest,2021-04-11,Furniture,469.81
10852,CUST-045,PROD-002,2023-02-05 11:00:00,3,0.1,1065.74,Customer_45,East,2020-11-08,Clothing,394.72
10853,CUST-038,PROD-005,2023-02-05 12:00:00,9,0.2,1796.26,Customer_38,East,2020-09-20,Clothing,249.48
10854,CUST-027,PROD-012,2023-02-05 13:00:00,5,0.2,1879.24,Customer_27,South,2020-07-05,Furniture,469.81
10855,CUST-069,PROD-019,2023-02-05 14:00:00,3,0.1,522.91,Customer_69,South,2021-04-25,Electronics,193.67
10856,CUST-010,PROD-008,2023-02-05 15:00:00,2,0.0,376.6,Customer_10,East,2020-03-08,Electronics,188.3
10857,CUST-070,PROD-009,2023-02-05 16:00:00,2,0.0,666.34,Customer_70,East,2021-05-02,Furniture,333.17
10858,CUST-097,PROD-007,2023-02-05 17:00:00,9,0.1,1137.97,Customer_97,North,2021-11-07,Furniture,140.49
10859,CUST-053,PROD-020,2023-02-05 18:00:00,4,0.1,494.57,Customer_53,North,2021-01-03,Electronics,137.38
10860,CUST-006,PROD-003,2023-02-05 19:00:00,9,0.0,1434.24,Customer_6,West,2020-02-09,Office,159.36
10861,CUST-062,PROD-014,2023-02-05 20:00:00,2,0.2,303.5,Customer_62,Midwest,2021-03-07,Office,189.69
10862,CUST-027,PROD-013,2023-02-05 21:00:00,5,0.1,1156.23,Customer_27,South,2020-07-05,Clothing,256.94
10863,CUST-014,PROD-018,2023-02-05 22:00:00,5,0.2,1561.52,Customer_14,North,2020-04-05,Furniture,390.38
10864,CUST-032,PROD-007,2023-02-05 23:00:00,6,0.1,758.65,Customer_32,Midwest,2020-08-09,Furniture,140.49
10865,CUST-069,PROD-018,2023-02-06 00:00:00,4,0.05,1483.44,Customer_69,South,2021-04-25,Furniture,390.38
10866,CUST-013,PROD-008,2023-02-06 01:00:00,2,0.1,338.94,Customer_13,South,2020-03-29,Electronics,188.3
10867,CUST-065,PROD-010,2023-02-06 02:00:00,4,0.1,209.56,Customer_65,South,2021-03-28,Clothing,58.21
10868,CUST-078,PROD-004,2023-02-06 03:00:00,4,0.2,1073.7,Customer_78,North,2021-06-27,Office,335.53
10869,CUST-007,PROD-020,2023-02-06 04:00:00,8,0.0,1099.04,Customer_7,North,2020-02-16,Electronics,137.38
10870,CUST-048,PROD-013,2023-02-06 05:00:00,4,0.1,924.98,Customer_48,Midwest,2020-11-29,Clothing,256.94
10871,CUST-089,PROD-012,2023-02-06 06:00:00,2,0.1,845.66,Customer_89,Midwest,2021-09-12,Furniture,469.81
10872,CUST-012,PROD-011,2023-02-06 07:00:00,7,0.0,1958.67,Customer_12,East,2020-03-22,Clothing,279.81
10873,CUST-021,PROD-007,2023-02-06 08:00:00,1,0.2,112.39,Customer_21,West,2020-05-24,Furniture,140.49
10874,CUST-063,PROD-019,2023-02-06 09:00:00,2,0.0,,Customer_63,West,2021-03-14,Electronics,193.67
10875,CUST-065,PROD-019,2023-02-06 10:00:00,1,0.0,193.67,Customer_65,South,2021-03-28,Electronics,193.67
10876,CUST-030,PROD-020,2023-02-06 11:00:00,3,0.0,412.14,Customer_30,West,2020-07-26,Electronics,137.38
10877,CUST-055,PROD-012,2023-02-06 12:00:00,2,0.05,892.64,Customer_55,West,2021-01-17,Furniture,469.81
10878,CUST-036,PROD-009,2023-02-06 13:00:00,2,0.05,,Customer_36,West,2020-09-06,Furniture,333.17
10879,CUST-093,PROD-002,2023-02-06 14:00:00,4,0.2,,Customer_93,North,2021-10-10,Clothing,394.72
10880,CUST-098,PROD-003,2023-02-06 15:00:00,5,0.0,796.8,Customer_98,Midwest,2021-11-14,Office,159.36
10881,CUST-005,PROD-005,2023-02-06 16:00:00,1,0.05,237.01,Customer_5,West,2020-02-02,Clothing,249.48
10882,CUST-055,PROD-009,2023-02-06 17:00:00,2,0.05,633.02,Customer_55,West,2021-01-17,Furniture,333.17
10883,CUST-081,PROD-018,2023-02-06 18:00:00,3,0.05,,Customer_81,North,2021-07-18,Furniture,390.38
10884,CUST-031,PROD-001,2023-02-06 19:00:00,8,0.2,1076.93,Customer_31,East,2020-08-02,Clothing,168.27
10885,CUST-054,PROD-020,2023-02-06 20:00:00,2,0.05,,Customer_54,North,2021-01-10,Electronics,137.38
10886,CUST-099,PROD-015,2023-02-06 21:00:00,8,0.05,2063.78,Customer_99,East,2021-11-21,Furniture,271.55
10887,CUST-099,PROD-011,2023-02-06 22:00:00,4,0.0,1119.24,Customer_99,East,2021-11-21,Clothing,279.81
10888,CUST-088,PROD-008,2023-02-06 23:00:00,9,0.1,1525.23,Customer_88,Midwest,2021-09-05,Electronics,188.3
10889,CUST-083,PROD-005,2023-02-07 00:00:00,8,0.1,1796.26,Customer_83,East,2021-08-01,Clothing,249.48
10890,CUST-042,PROD-016,2023-02-07 01:00:00,4,0.0,1711.24,Customer_42,North,2020-10-18,Furniture,427.81
10891,CUST-037,PROD-020,2023-02-07 02:00:00,6,0.2,659.42,Customer_37,East,2020-09-13,Electronics,137.38
10892,CUST-082,PROD-016,2023-02-07 03:00:00,1,0.0,427.81,Customer_82,South,2021-07-25,Furniture,427.81
10893,CUST-079,PROD-008,2023-02-07 04:00:00,5,0.05,894.42,Customer_79,East,2021-07-04,Electronics,188.3
10894,CUST-081,PROD-018,2023-02-07 05:00:00,6,0.0,2342.28,Customer_81,North,2021-07-18,Furniture,390.38
10895,CUST-075,PROD-002,2023-02-07 06:00:00,4,0.2,1263.1,Customer_75,North,2021-06-06,Clothing,394.72
10896,CUST-036,PROD-010,2023-02-07 07:00:00,7,0.05,387.1,Customer_36,West,2020-09-06,Clothing,58.21
10897,CUST-040,PROD-011,2023-02-07 08:00:00,5,0.2,1119.24,Customer_40,North,2020-10-04,Clothing,279.81
10898,CUST-037,PROD-014,2023-02-07 09:00:00,4,0.2,607.01,Customer_37,East,2020-09-13,Office,189.69
10899,CUST-080,PROD-006,2023-02-07 10:00:00,5,0.2,458.64,Customer_80,North,2021-07-11,Electronics,114.66
10900,CUST-061,PROD-014,2023-02-07 11:00:00,1,0.0,189.69,Customer_61,East,2021-02-28,Office,189.69
10901,CUST-009,PROD-020,2023-02-07 12:00:00,8,0.1,989.14,Customer_9,West,2020-03-01,Electronics,137.38
10902,CUST-099,PROD-004,2023-02-07 13:00:00,6,0.2,1610.54,Customer_99,East,2021-11-21,Office,335.53
10903,CUST-100,PROD-002,2023-02-07 14:00:00,8,0.2,2526.21,Customer_100,East,2021-11-28,Clothing,394.72
10904,CUST-064,PROD-001,2023-02-07 15:00:00,6,0.0,1009.62,Customer_64,North,2021-03-21,Clothing,168.27
10905,CUST-039,PROD-009,2023-02-07 16:00:00,5,0.0,1665.85,Customer_39,South,2020-09-27,Furniture,333.17
10906,CUST-067,PROD-011,2023-02-07 17:00:00,2,0.05,531.64,Customer_67,Midwest,2021-04-11,Clothing,279.81
10907,CUST-097,PROD-019,2023-02-07 18:00:00,9,0.2,1394.42,Customer_97,North,2021-11-07,Electronics,193.67
10908,CUST-049,PROD-008,2023-02-07 19:00:00,3,0.2,451.92,Customer_49,West,2020-12-06,Electronics,188.3
10909,CUST-034,PROD-018,2023-02-07 20:00:00,7,0.05,2596.03,Customer_34,South,2020-08-23,Furniture,390.38
10910,CUST-085,PROD-006,2023-02-07 21:00:00,6,0.0,687.96,Customer_85,West,2021-08-15,Electronics,114.66
10911,CUST-066,PROD-016,2023-02-07 22:00:00,9,0.05,3657.78,Customer_66,East,2021-04-04,Furniture,427.81
10912,CUST-058,PROD-009,2023-02-07 23:00:00,7,0.05,2215.58,Customer_58,East,2021-02-07,Furniture,333.17
10913,CUST-094,PROD-002,2023-02-08 00:00:00,6,0.1,2131.49,Customer_94,North,2021-10-17,Clothing,394.72
10914,CUST-053,PROD-006,2023-02-08 01:00:00,3,0.0,343.98,Customer_53,North,2021-01-03,Electronics,114.66
10915,CUST-002,PROD-007,2023-02-08 02:00:00,6,0.05,800.79,Customer_2,South,2020-01-12,Furniture,140.49
10916,CUST-034,PROD-012,2023-02-08 03:00:00,6,0.05,2677.92,Customer_34,South,2020-08-23,Furniture,469.81
10917,CUST-087,PROD-012,2023-02-08 04:00:00,7,0.0,3288.67,Customer_87,North,2021-08-29,Furniture,469.81
10918,CUST-999,PROD-020,2023-02-08 05:00:00,4,0.1,494.57,,,,Electronics,137.38
10919,CUST-099,PROD-004,2023-02-08 06:00:00,9,0.0,,Customer_99,East,2021-11-21,Office,335.53
10920,CUST-017,PROD-017,2023-02-08 07:00:00,8,0.1,188.93,Customer_17,East,2020-04-26,Electronics,26.24
10921,CUST-054,PROD-009,2023-02-08 08:00:00,4,0.1,1199.41,Customer_54,North,2021-01-10,Furniture,333.17
10922,CUST-059,PROD-013,2023-02-08 09:00:00,4,0.0,1027.76,Customer_59,South,2021-02-14,Clothing,256.94
10923,CUST-021,PROD-019,2023-02-08 10:00:00,5,0.2,774.68,Customer_21,West,2020-05-24,Electronics,193.67
10924,CUST-007,PROD-018,2023-02-08 11:00:00,7,0.05,2596.03,Customer_7,North,2020-02-16,Furniture,390.38
10925,CUST-071,PROD-013,2023-02-08 12:00:00,1,0.05,,Customer_71,Midwest,2021-05-09,Clothing,256.94
10926,CUST-033,PROD-015,2023-02-08 13:00:00,5,0.05,1289.86,Customer_33,South,2020-08-16,Furniture,271.55
10927,CUST-016,PROD-005,2023-02-08 14:00:00,5,0.05,1185.03,Customer_16,South,2020-04-19,Clothing,249.48
10928,CUST-090,PROD-008,2023-02-08 15:00:00,2,0.1,,Customer_90,Midwest,2021-09-19,Electronics,188.3
10929,CUST-004,PROD-011,2023-02-08 16:00:00,4,0.05,1063.28,Customer_4,South,2020-01-26,Clothing,279.81
10930,CUST-052,PROD-013,2023-02-08 17:00:00,7,0.05,1708.65,Customer_52,North,2020-12-27,Clothing,256.94
10931,CUST-053,PROD-005,2023-02-08 18:00:00,7,0.2,1397.09,Customer_53,North,2021-01-03,Clothing,249.48
10932,CUST-057,PROD-003,2023-02-08 19:00:00,7,0.2,892.42,Customer_57,Midwest,2021-01-31,Office,159.36
10933,CUST-053,PROD-004,2023-02-08 20:00:00,6,0.1,1811.86,Customer_53,North,2021-01-03,Office,335.53
10934,CUST-100,PROD-013,2023-02-08 21:00:00,1,0.0,256.94,Customer_100,East,2021-11-28,Clothing,256.94
10935,CUST-031,PROD-006,2023-02-08 22:00:00,7,0.2,642.1,Customer_31,East,2020-08-02,Electronics,114.66
10936,CUST-087,PROD-018,2023-02-08 23:00:00,3,0.1,1054.03,Customer_87,North,2021-08-29,Furniture,390.38
10937,CUST-070,PROD-011,2023-02-09 00:00:00,9,0.05,2392.38,Customer_70,East,2021-05-02,Clothing,279.81
10938,CUST-020,PROD-020,2023-02-09 01:00:00,2,0.2,219.81,Customer_20,Midwest,2020-05-17,Electronics,137.38
10939,CUST-012,PROD-017,2023-02-09 02:00:00,5,0.0,131.2,Customer_12,East,2020-03-22,Electronics,26.24
10940,CUST-098,PROD-014,2023-02-09 03:00:00,6,0.2,,Customer_98,Midwest,2021-11-14,Office,189.69
10941,CUST-076,PROD-019,2023-02-09 04:00:00,4,0.0,774.68,Customer_76,East,2021-06-13,Electronics,193.67
10942,CUST-092,PROD-004,2023-02-09 05:00:00,2,0.0,671.06,Customer_92,West,2021-10-03,Office,335.53
10943,CUST-009,PROD-006,2023-02-09 06:00:00,8,0.0,917.28,Customer_9,West,2020-03-01,Electronics,114.66
10944,CUST-009,PROD-017,2023-02-09 07:00:00,2,0.0,52.48,Customer_9,West,2020-03-01,Electronics,26.24
10945,CUST-029,PROD-017,2023-02-09 08:00:00,3,0.0,78.72,Customer_29,Midwest,2020-07-19,Electronics,26.24
10946,CUST-060,PROD-019,2023-02-09 09:00:00,8,0.1,1394.42,Customer_60,South,2021-02-21,Electronics,193.67
10947,CUST-091,PROD-006,2023-02-09 10:00:00,8,0.05,871.42,Customer_91,Midwest,2021-09-26,Electronics,114.66
10948,CUST-099,PROD-017,2023-02-09 11:00:00,2,0.1,47.23,Customer_99,East,2021-11-21,Electronics,26.24
10949,CUST-024,PROD-008,2023-02-09 12:00:00,8,0.0,1506.4,Customer_24,South,2020-06-14,Electronics,188.3
10950,CUST-052,PROD-005,2023-02-09 13:00:00,6,0.0,1496.88,Customer_52,North,2020-12-27,Clothing,249.48
10951,CUST-008,PROD-018,2023-02-09 14:00:00,5,0.05,1854.3,Customer_8,South,2020-02-23,Furniture,390.38
10952,CUST-058,PROD-002,2023-02-09 15:00:00,0,0.05,0.0,Customer_58,East,2021-02-07,Clothing,394.72
10953,CUST-056,PROD-006,2023-02-09 16:00:00,6,0.1,619.16,Customer_56,East,2021-01-24,Electronics,114.66
10954,CUST-004,PROD-017,2023-02-09 17:00:00,3,0.05,74.78,Customer_4,South,2020-01-26,Electronics,26.24
10955,CUST-090,PROD-007,2023-02-09 18:00:00,8,0.2,899.14,Customer_90,Midwest,2021-09-19,Furniture,140.49
10956,CUST-027,PROD-011,2023-02-09 19:00:00,9,0.05,2392.38,Customer_27,South,2020-07-05,Clothing,279.81
10957,CUST-019,PROD-016,2023-02-09 20:00:00,5,0.2,1711.24,Customer_19,South,2020-05-10,Furniture,427.81
10958,CUST-003,PROD-004,2023-02-09 21:00:00,6,0.2,1610.54,Customer_3,East,2020-01-19,Office,335.53
10959,CUST-098,PROD-009,2023-02-09 22:00:00,6,0.2,1599.22,Customer_98,Midwest,2021-11-14,Furniture,333.17
10960,CUST-024,PROD-010,2023-02-09 23:00:00,9,0.2,419.11,Customer_24,South,2020-06-14,Clothing,58.21
10961,CUST-091,PROD-008,2023-02-10 00:00:00,5,0.2,753.2,Customer_91,Midwest,2021-09-26,Electronics,188.3
10962,CUST-064,PROD-010,2023-02-10 01:00:00,5,0.05,,Customer_64,North,2021-03-21,Clothing,58.21
10963,CUST-078,PROD-001,2023-02-10 02:00:00,4,0.2,538.46,Customer_78,North,2021-06-27,Clothing,168.27
10964,CUST-098,PROD-013,2023-02-10 03:00:00,8,0.1,1849.97,Customer_98,Midwest,2021-11-14,Clothing,256.94
10965,CUST-070,PROD-004,2023-02-10 04:00:00,2,0.1,603.95,Customer_70,East,2021-05-02,Office,335.53
10966,CUST-030,PROD-010,2023-02-10 05:00:00,4,0.05,221.2,Customer_30,West,2020-07-26,Clothing,58.21
10967,CUST-006,PROD-009,2023-02-10 06:00:00,3,0.2,799.61,Customer_6,West,2020-02-09,Furniture,333.17
10968,CUST-019,PROD-011,2023-02-10 07:00:00,2,0.05,531.64,Customer_19,South,2020-05-10,Clothing,279.81
10969,CUST-085,PROD-007,2023-02-10 08:00:00,6,0.1,758.65,Customer_85,West,2021-08-15,Furniture,140.49
10970,CUST-067,PROD-012,2023-02-10 09:00:00,6,0.0,2818.86,Customer_67,Midwest,2021-04-11,Furniture,469.81
10971,CUST-077,PROD-014,2023-02-10 10:00:00,4,0.2,607.01,Customer_77,East,2021-06-20,Office,189.69
10972,CUST-001,PROD-011,2023-02-10 11:00:00,5,0.1,1259.14,Customer_1,East,2020-01-05,Clothing,279.81
10973,CUST-074,PROD-011,2023-02-10 12:00:00,5,0.1,1259.14,Customer_74,South,2021-05-30,Clothing,279.81
10974,CUST-088,PROD-013,2023-02-10 13:00:00,1,0.1,231.25,Customer_88,Midwest,2021-09-05,Clothing,256.94
10975,CUST-029,PROD-001,2023-02-10 14:00:00,6,0.2,807.7,Customer_29,Midwest,2020-07-19,Clothing,168.27
10976,CUST-028,PROD-018,2023-02-10 15:00:00,6,0.1,2108.05,Customer_28,East,2020-07-12,Furniture,390.38
10977,CUST-061,PROD-009,2023-02-10 16:00:00,4,0.05,1266.05,Customer_61,East,2021-02-28,Furniture,333.17
10978,CUST-091,PROD-013,2023-02-10 17:00:00,2,0.05,488.19,Customer_91,Midwest,2021-09-26,Clothing,256.94
10979,CUST-019,PROD-017,2023-02-10 18:00:00,4,0.1,94.46,Customer_19,South,2020-05-10,Electronics,26.24
10980,CUST-042,PROD-001,2023-02-10 19:00:00,9,0.1,1362.99,Customer_42,North,2020-10-18,Clothing,168.27
10981,CUST-076,PROD-002,2023-02-10 20:00:00,7,0.05,2624.89,Customer_76,East,2021-06-13,Clothing,394.72
10982,CUST-025,PROD-010,2023-02-10 21:00:00,1,0.05,55.3,Customer_25,East,2020-06-21,Clothing,58.21
10983,CUST-094,PROD-008,2023-02-10 22:00:00,4,0.2,602.56,Customer_94,North,2021-10-17,Electronics,188.3
10984,CUST-027,PROD-005,2023-02-10 23:00:00,5,0.2,997.92,Customer_27,South,2020-07-05,Clothing,249.48
10985,CUST-025,PROD-015,2023-02-11 00:00:00,1,0.05,257.97,Customer_25,East,2020-06-21,Furniture,271.55
10986,CUST-017,PROD-008,2023-02-11 01:00:00,1,0.2,150.64,Customer_17,East,2020-04-26,Electronics,188.3
10987,CUST-011,PROD-006,2023-02-11 02:00:00,6,0.2,550.37,Customer_11,West,2020-03-15,Electronics,114.66
10988,CUST-099,PROD-009,2023-02-11 03:00:00,2,0.1,599.71,Customer_99,East,2021-11-21,Furniture,333.17
10989,CUST-081,PROD-013,2023-02-11 04:00:00,4,0.0,1027.76,Customer_81,North,2021-07-18,Clothing,256.94
10990,CUST-030,PROD-018,2023-02-11 05:00:00,3,0.2,936.91,Customer_30,West,2020-07-26,Furniture,390.38
10991,CUST-019,PROD-001,2023-02-11 06:00:00,4,0.2,538.46,Customer_19,South,2020-05-10,Clothing,168.27
10992,CUST-050,PROD-003,2023-02-11 06:00:00,6,0.05,908.35,Customer_50,East,2020-12-13,Office,159.36
10993,CUST-078,PROD-014,2023-02-11 08:00:00,6,0.1,1024.33,Customer_78,North,2021-06-27,Office,189.69
10994,CUST-090,PROD-018,2023-02-11 09:00:00,3,0.0,1171.14,Customer_90,Midwest,2021-09-19,Furniture,390.38
10995,CUST-083,PROD-016,2023-02-11 10:00:00,6,0.1,2310.17,Customer_83,East,2021-08-01,Furniture,427.81
10996,CUST-004,PROD-014,2023-02-11 11:00:00,-1,0.1,-170.72,Customer_4,South,2020-01-26,Office,189.69
10997,CUST-017,PROD-020,2023-02-11 12:00:00,1,0.0,137.38,Customer_17,East,2020-04-26,Electronics,137.38
10998,CUST-011,PROD-006,2023-02-11 13:00:00,1,0.1,103.19,Customer_11,West,2020-03-15,Electronics,114.66
10999,CUST-017,PROD-010,2023-02-11 14:00:00,2,0.0,116.42,Customer_17,East,2020-04-26,Clothing,58.21
11000,CUST-006,PROD-005,2023-02-11 15:00:00,6,0.2,1197.5,Customer_6,West,2020-02-09,Clothing,249.48
